Workbook
Name aaa: Rank!$C$4:$E$73
Name bbb: Rank!$B$4:$E$74
Name China1: #REF!
Name cnfwkdn: #REF!
Name DB: #REF!
Name dpfwlf: #REF!
Name ggoo: #REF!
Name gogo: #REF!
Name gogogo: #REF!
Name gogogogo: #REF!
Name LGE: #REF!
Name MS: #REF!
Name MS: #REF!
Name Pantech: #REF!
Name totototo: #REF!
Name 엘지: #REF!
Name 전자소자: #REF!
Name 전자소자: #REF!
Name 정기어소: #REF!
Name 중국: #REF!
Name 팬택: #REF!

Sheet New Graph (FCST)
A2: A. | B2: 2021 REVENUE (FORECAST)
A4: A.1 | B4: 2021 Monthly Forecast
B5: ※ Q'ty: total quanitity (including wafer net die, controller & others)
B6: - | C6: Jan | E6: Feb | G6: Mar | I6: Apr | K6: May | M6: Jun | O6: Jul | Q6: Aug | S6: Sep | U6: Oct | W6: Nov | Y6: Dec | AA6: Total
C7: Q'ty | D7: AMT | E7: Q'ty | F7: AMT | G7: Q'ty | H7: AMT | I7: Q'ty | J7: AMT | K7: Q'ty | L7: AMT | M7: Q'ty | N7: AMT | O7: Q'ty | P7: AMT | Q7: Q'ty | R7: AMT | S7: Q'ty | T7: AMT | U7: Q'ty | V7: AMT | W7: Q'ty | X7: AMT | Y7: Q'ty | Z7: AMT | AA7: Q'ty | AB7: AMT
B8: MD | C8: ='2025 FCST'!G510 -> 3.821 | D8: ='2025 FCST'!I464 -> 149.7255 | E8: ='2025 FCST'!P510 -> 0.435 | F8: ='2025 FCST'!R464 -> 435.14552 | G8: ='2025 FCST'!Y510 -> 5.839 | H8: ='2025 FCST'!AA464 -> 431.58985 | I8: ='2025 FCST'!AQ510 -> 6.025 | J8: ='2025 FCST'!AS464 -> 2781.69 | K8: ='2025 FCST'!AZ510 -> 5.905 | L8: ='2025 FCST'!BB464 -> 1549.85 | M8: ='2025 FCST'!BI510 -> 11.5594 | N8: ='2025 FCST'!BK464 -> 659.12596 | O8: ='2025 FCST'!CA510 -> 40.6175 | P8: ='2025 FCST'!CC464 -> 931.9 | Q8: ='2025 FCST'!CJ510 -> 9.697 | R8: ='2025 FCST'!CL464 -> 546.31 | S8: ='2025 FCST'!CS510 -> 15.305 | T8: ='2025 FCST'!CU464 -> 1667.45 | U8: ='2025 FCST'!DK510 -> 16.405 | V8: ='2025 FCST'!DM464 -> 1419.15 | W8: ='2025 FCST'!DT510 -> 13.197 | X8: ='2025 FCST'!DV464 -> 779.16 | Y8: ='2025 FCST'!EC510 -> 21.305 | Z8: ='2025 FCST'!EE464 -> 1040.1 | AA8: =SUM(C8+E8+G8+I8+K8+M8+O8+Q8+S8+U8+W8+Y8) -> 150.1109 | AB8: =D8+F8+H8+J8+L8+N8+P8+R8+T8+V8+X8+Z8 -> 12391.197
B9: MTV | C9: ='2025 FCST'!G514 -> 60 | D9: ='2025 FCST'!I99 -> 24.5 | E9: ='2025 FCST'!P514 -> 60 | F9: ='2025 FCST'!R99 -> 59.22 | G9: ='2025 FCST'!Y514 -> 149.501 | H9: ='2025 FCST'!AA99 -> 35.7139 | I9: ='2025 FCST'!AQ514 -> 130 | J9: ='2025 FCST'!AS99 -> 96.46 | K9: ='2025 FCST'!AZ514 -> 80 | L9: ='2025 FCST'!BB99 -> 78.96 | M9: ='2025 FCST'!BI514 -> 277.501 | N9: ='2025 FCST'!BK99 -> 156.8619 | O9: ='2025 FCST'!CA514 -> 80 | P9: ='2025 FCST'!CC99 -> 78.96 | Q9: ='2025 FCST'!CJ514 -> 229.501 | R9: ='2025 FCST'!CL99 -> 114.6739 | S9: ='2025 FCST'!CS514 -> 90 | T9: ='2025 FCST'!CU99 -> 85.96 | U9: ='2025 FCST'!DK514 -> 130 | V9: ='2025 FCST'!DM99 -> 96.46 | W9: ='2025 FCST'!DT514 -> 80 | X9: ='2025 FCST'!DV99 -> 78.96 | Y9: ='2025 FCST'!EC514 -> 130 | Z9: ='2025 FCST'!EE99 -> 123 | AA9: =SUM(C9+E9+G9+I9+K9+M9+O9+Q9+S9+U9+W9+Y9) -> 1496.503 | AB9: =D9+F9+H9+J9+L9+N9+P9+R9+T9+V9+X9+Z9 -> 1029.7297
B10: Total | C10: =C8+C9 -> 63.821 | D10: =D8+D9 -> 174.2255 | E10: =E8+E9 -> 60.435 | F10: =F8+F9 -> 494.36552 | G10: =G8+G9 -> 155.34 | H10: =H8+H9 -> 467.30375 | I10: =I8+I9 -> 136.025 | J10: =J8+J9 -> 2878.15 | ... AB10: =AB8+AB9 -> 13420.927
AB11: (unit: kpcs, k$)
B13: 2021 Total Revenue/Month
B29: - | C29: Jan | D29: Feb | E29: Mar | F29: Apr | G29: May | H29: Jun | I29: Jul | J29: Aug | K29: Sep | L29: Oct | M29: Nov | N29: Dec | O29: Total
B30: MD | C30: =D8 -> 149.7255 | D30: =F8 -> 435.14552 | E30: =H8 -> 431.58985 | F30: =J8 -> 2781.69 | G30: =L8 -> 1549.85 | H30: =N8 -> 659.12596 | I30: =P8 -> 931.9 | J30: =R8 -> 546.31 | K30: =T8 -> 1667.45 | L30: =V8 -> 1419.15 | M30: =X8 -> 779.16 | N30: =Z8 -> 1040.1 | O30: =SUM(C30:N30) -> 12391.197
B31: MTV | C31: =D9 -> 24.5 | D31: =F9 -> 59.22 | E31: =H9 -> 35.7139 | F31: =J9 -> 96.46 | G31: =L9 -> 78.96 | H31: =N9 -> 156.8619 | I31: =P9 -> 78.96 | J31: =R9 -> 114.6739 | K31: =T9 -> 85.96 | L31: =V9 -> 96.46 | M31: =X9 -> 78.96 | N31: =Z9 -> 123 | O31: =SUM(C31:N31) -> 1029.7297
B32: Total | C32: =C30+C31 -> 174.2255 | D32: =D30+D31 -> 494.36552 | E32: =E30+E31 -> 467.30375 | F32: =F30+F31 -> 2878.15 | G32: =G30+G31 -> 1628.81 | H32: =H30+H31 -> 815.98786 | I32: =I30+I31 -> 1010.86 | J32: =J30+J31 -> 660.9839 | ... N32: =N30+N31 -> 1163.1 | O32: =SUM(C32:N32) -> 13420.927
O33: (unit: k$)
B35: 2021 Microdisplay - Total Quantity/Month | Q35: 2021 Microdisplay - Revenue/Month
B45: - | C45: Jan | D45: Feb | E45: Mar | F45: Apr | G45: May | H45: Jun | I45: Jul | J45: Aug | K45: Sep | L45: Oct | M45: Nov | N45: Dec | O45: Total | Q45: - | R45: Jan | S45: Feb. | T45: Mar | U45: Apr | V45: May | W45: Jun | X45: Jul | Y45: Aug | Z45: Sep | AA45: Oct | AB45: Nov | AC45: Dec | AD45: Total
B46: MD | C46: =C8 -> 3.821 | D46: =E8 -> 0.435 | E46: =G8 -> 5.839 | F46: =I8 -> 6.025 | G46: =K8 -> 5.905 | H46: =M8 -> 11.5594 | I46: =O8 -> 40.6175 | J46: =Q8 -> 9.697 | K46: =S8 -> 15.305 | L46: =U8 -> 16.405 | M46: =W8 -> 13.197 | N46: =Y8 -> 21.305 | O46: =SUM(C46:N46) -> 150.1109 | Q46: MD | R46: =D8 -> 149.7255 | S46: =F8 -> 435.14552 | T46: =H8 -> 431.58985 | U46: =J8 -> 2781.69 | V46: =L8 -> 1549.85 | W46: =N8 -> 659.12596 | X46: =P8 -> 931.9 | Y46: =R8 -> 546.31 | Z46: =T8 -> 1667.45 | AA46: =V8 -> 1419.15 | AB46: =X8 -> 779.16 | AC46: =Z8 -> 1040.1 | AD46: =SUM(R46:AC46) -> 12391.197
O47: (unit: kpcs) | AD47: (unit: k$)
B49: 2021 Microdisplay - Display Quantity/Month
B50: ※ Display Quantity: Panel + Optic + Panel wafer net die
B60: - | C60: Jan | D60: Feb | E60: Mar | F60: Apr | G60: May | H60: Jun | I60: Jul | J60: Aug | K60: Sep | L60: Oct | M60: Nov | N60: Dec | O60: Total
B61: Display | C61: ='2025 FCST'!G518 -> 2.517 | D61: ='2025 FCST'!P518 -> 0.257 | E61: ='2025 FCST'!Y518 -> 5.694 | F61: ='2025 FCST'!AQ518 -> 4.4 | G61: ='2025 FCST'!AZ518 -> 4.4 | H61: ='2025 FCST'!BI518 -> 7.6544 | I61: ='2025 FCST'!CA518 -> 37.5125 | J61: ='2025 FCST'!CJ518 -> 6.792 | K61: ='2025 FCST'!CS518 -> 10.2 | L61: ='2025 FCST'!DK518 -> 7.5 | M61: ='2025 FCST'!DT518 -> 6.792 | N61: ='2025 FCST'!EC518 -> 12.1 | O61: =SUM(C61:N61) -> 105.8189
O62: (unit: kpcs)
B64: 2021 MTV - Total Quantity/Month | Q64: 2021 MTV - Revenue/Month
B74: - | C74: Jan | D74: Feb | E74: Mar | F74: Apr | G74: May | H74: Jun | I74: Jul | J74: Aug | K74: Sep | L74: Oct | M74: Nov | N74: Dec | O74: Total | Q74: - | R74: Jan | S74: Feb. | T74: Mar | U74: Apr | V74: May | W74: Jun | X74: Jul | Y74: Aug | Z74: Sep | AA74: Oct | AB74: Nov | AC74: Dec | AD74: Total
B75: MTV | C75: =C9 -> 60 | D75: =E9 -> 60 | E75: =G9 -> 149.501 | F75: =I9 -> 130 | G75: =K9 -> 80 | H75: =M9 -> 277.501 | I75: =O9 -> 80 | J75: =Q9 -> 229.501 | K75: =S9 -> 90 | L75: =U9 -> 130 | M75: =W9 -> 80 | N75: =Y9 -> 130 | O75: =SUM(C75:N75) -> 1496.503 | Q75: MTV | R75: =D9 -> 24.5 | S75: =F9 -> 59.22 | T75: =H9 -> 35.7139 | U75: =J9 -> 96.46 | V75: =L9 -> 78.96 | W75: =N9 -> 156.8619 | X75: =P9 -> 78.96 | Y75: =R9 -> 114.6739 | Z75: =T9 -> 85.96 | AA75: =V9 -> 96.46 | AB75: =X9 -> 78.96 | AC75: =Z9 -> 123 | AD75: =SUM(R75:AC75) -> 1029.7297
O76: (unit: kpcs) | AD76: (unit: k$)
A79: A.2 | B79: 2021 Quarterly Forecast
B81: - | C81: Q1 | E81: Q2 | G81: Q3 | I81: Q4 | K81: Total
C82: Q'ty | D82: AMT | E82: Q'ty | F82: AMT | G82: Q'ty | H82: AMT | I82: Q'ty | J82: AMT | K82: Q'ty | L82: AMT
B83: MD | C83: =C46+D46+E46 -> 10.095 | D83: ='2025 FCST'!AJ464 -> 957.61687 | E83: =F46+G46+H46 -> 23.4894 | F83: ='2025 FCST'!BT464 -> 4974.916 | G83: =I46+J46+K46 -> 65.6195 | H83: ='2025 FCST'!DD464 -> 3145.66 | I83: =L46+M46+N46 -> 50.907 | J83: ='2025 FCST'!EN464 -> 3222.66 | K83: =C83+E83+G83+I83 -> 150.1109 | L83: =D83+F83+H83+J83 -> 12300.853
B84: MTV | C84: =C75+D75+E75 -> 269.501 | D84: ='2025 FCST'!AJ99 -> 119.4339 | E84: =F75+G75+H75 -> 487.501 | F84: ='2025 FCST'!BT99 -> 332.2819 | G84: =I75+J75+K75 -> 399.501 | H84: ='2025 FCST'!DD99 -> 279.5939 | I84: =L75+M75+N75 -> 340 | J84: ='2025 FCST'!EN99 -> 298.42 | K84: =C84+E84+G84+I84 -> 1496.503 | L84: =D84+F84+H84+J84 -> 1029.7297
B85: Total | C85: =C83+C84 -> 279.596 | D85: =D83+D84 -> 1077.0508 | E85: =E83+E84 -> 510.9904 | F85: =F83+F84 -> 5307.1979 | G85: =G83+G84 -> 465.1205 | H85: =H83+H84 -> 3425.2539 | I85: =I83+I84 -> 390.907 | J85: =J83+J84 -> 3521.08 | ... L85: =L83+L84 -> 13330.583
L86: (unit: kpcs, k$)
B88: 2021 Microdisplay - Total Quantity/Quarter | I88: 2021 Microdisplay - Revenue/Quarter
B98: - | C98: Q1 | D98: Q2 | E98: Q3 | F98: Q4 | G98: Total | I98: - | J98: Q1 | K98: Q2 | L98: Q3 | M98: Q4 | N98: Total
B99: MD | C99: =C83 -> 10.095 | D99: =E83 -> 23.4894 | E99: =G83 -> 65.6195 | F99: =I83 -> 50.907 | G99: =SUM(C99:F99) -> 150.1109 | I99: MD | J99: =D83 -> 957.61687 | K99: =F83 -> 4974.916 | L99: =H83 -> 3145.66 | M99: =J83 -> 3222.66 | N99: =SUM(J99:M99) -> 12300.853
G100: (unit: kpcs) | N100: (unit: k$)
B102: 2021 Microdisplay - Display Quantity/Quarter
B103: ※ Display Quantity: Panel + Optic + Panel wafer net die
B113: - | C113: Q1 | D113: Q2 | E113: Q3 | F113: Q4 | G113: Total
B114: Display | C114: =C61+D61+E61 -> 8.468 | D114: =F61+G61+H61 -> 16.4544 | E114: =I61+J61+K61 -> 54.5045 | F114: =L61+M61+N61 -> 26.392 | G114: =SUM(C114:F114) -> 105.8189
G115: (unit: kpcs)
B117: 2021 MTV - Total Quantity/Quarter | I117: 2021 MTV - Revenue/Quarter
B127: - | C127: Q1 | D127: Q2 | E127: Q3 | F127: Q4 | G127: Total | I127: - | J127: Q1 | K127: Q2 | L127: Q3 | M127: Q4 | N127: Total
B128: MTV | C128: =C84 -> 269.501 | D128: =E84 -> 487.501 | E128: =G84 -> 399.501 | F128: =I84 -> 340 | G128: =SUM(C128:F128) -> 1496.503 | I128: MTV | J128: =D84 -> 119.4339 | K128: =F84 -> 332.2819 | L128: =H84 -> 279.5939 | M128: =J84 -> 298.42 | N128: =SUM(J128:M128) -> 1029.7297
G129: (unit: kpcs) | N129: (unit: k$)
A133: B. | B133: 2020-2022Q1 Microdisplay Monthly Data (FORECAST)
B135: 2020-2022Q1 Microdisplay - Total Quantity/Month
B151: - | C151: 2020 | O151: 2021 | AA151: 2022
C152: Jan | D152: Feb | E152: Mar | F152: Apr | G152: May | H152: Jun | I152: Jul | J152: Aug | K152: Sep | L152: Oct | M152: Nov | N152: Dec | O152: Jan | P152: Feb | Q152: Mar | R152: Apr | S152: May | T152: Jun | U152: Jul | V152: Aug | W152: Sep | X152: Oct | Y152: Nov | Z152: Dec | AA152: Jan | AB152: Feb | AC152: Mar
B153: MD | C153: 1.6 | D153: 0.7 | E153: 2.2 | F153: 9.5 | G153: 15.1 | H153: 15.5 | I153: 5.3 | J153: 1.9 | K153: 1.9 | L153: 1.5 | M153: 22.9 | N153: 1.3 | O153: =C46 -> 3.821 | P153: =D46 -> 0.435 | Q153: =E46 -> 5.839 | R153: =F46 -> 6.025 | S153: =G46 -> 5.905 | T153: =H46 -> 11.5594 | U153: =I46 -> 40.6175 | V153: =J46 -> 9.697 | ... Z153: =N46 -> 21.305 | AA153: ='2025 FCST'!FI510 -> 15.605 | AB153: ='2025 FCST'!FR510 -> 20.705 | AC153: ='2025 FCST'!GA510 -> 13.305
M154: 2019 Total | N154: =SUM(C153:N153) -> 79.4 | Y154: 2020 Total | Z154: =SUM(O153:Z153) -> 150.1109 | AB154: 2021Q1 Total | AC154: =SUM(AA153:AC153) -> 49.615
AC155: (unit: kpcs)
B156: 2020-2022Q1 Microdisplay - Revenue/Month
AC171: (unit: k$)
B172: - | C172: 2020 | O172: 2021 | AA172: 2022
C173: Jan | D173: Feb | E173: Mar | F173: Apr | G173: May | H173: Jun | I173: Jul | J173: Aug | K173: Sep | L173: Oct | M173: Nov | N173: Dec | O173: Jan | P173: Feb | Q173: Mar | R173: Apr | S173: May | T173: Jun | U173: Jul | V173: Aug | W173: Sep | X173: Oct | Y173: Nov | Z173: Dec | AA173: Jan | AB173: Feb | AC173: Mar
B174: MD | C174: 233 | D174: 47 | E174: 222 | F174: 317 | G174: 419 | H174: 221 | I174: 132 | J174: 447 | K174: 45 | L174: 43 | M174: 484 | N174: 379 | O174: =R46 -> 149.7255 | P174: =S46 -> 435.14552 | Q174: =T46 -> 431.58985 | R174: =U46 -> 2781.69 | S174: =V46 -> 1549.85 | T174: =W46 -> 659.12596 | U174: =X46 -> 931.9 | V174: =Y46 -> 546.31 | ... Z174: =AC46 -> 1040.1 | AA174: ='2025 FCST'!FK464 -> 1414 | AB174: ='2025 FCST'!FT464 -> 1929 | AC174: ='2025 FCST'!GC464 -> 428.68
M175: 2019 Total | N175: =SUM(C174:N174) -> 2989 | Y175: 2020 Total | Z175: =SUM(O174:Z174) -> 12391.197 | AB175: 2021Q1 Total | AC175: =SUM(AA174:AC174) -> 3771.68
AC176: (unit: k$)
B177: 2020-2022Q1 Microdisplay - Display Quantity/Month
B178: ※ Display Quantity: Panel + Optic + Panel wafer net die
B194: - | C194: 2020 | O194: 2021 | AA194: 2022
C195: Jan | D195: Feb | E195: Mar | F195: Apr | G195: May | H195: Jun | I195: Jul | J195: Aug | K195: Sep | L195: Oct | M195: Nov | N195: Dec | O195: Jan | P195: Feb | Q195: Mar | R195: Apr | S195: May | T195: Jun | U195: Jul | V195: Aug | W195: Sep | X195: Oct | Y195: Nov | Z195: Dec | AA195: Jan | AB195: Feb | AC195: Mar
B196: Display | C196: 1.5 | D196: 0.6 | E196: 1.7 | F196: 1 | G196: 5.8 | H196: 3 | I196: 5.1 | J196: 0.4 | K196: 0.8 | L196: 0.2 | M196: 18.7 | N196: 0.8 | O196: =C61 -> 2.517 | P196: =D61 -> 0.257 | Q196: =E61 -> 5.694 | R196: =F61 -> 4.4 | S196: =G61 -> 4.4 | T196: =H61 -> 7.6544 | U196: =I61 -> 37.5125 | V196: =J61 -> 6.792 | ... Z196: =N61 -> 12.1 | AA196: ='2025 FCST'!FI518 -> 7.4 | AB196: ='2025 FCST'!FR518 -> 10 | AC196: ='2025 FCST'!GA518 -> 8.1
M197: 2019 Total | N197: =SUM(C196:N196) -> 39.6 | Y197: 2020 Total | Z197: =SUM(O196:Z196) -> 105.8189 | AB197: 2021Q1 Total | AC197: =SUM(AA196:AC196) -> 25.5
AC198: (unit: kpcs)
B199: 2020-2022Q1 Microdisplay - Panel & Controller Revenue/Month
B215: - | C215: 2020 | O215: 2021 | AA215: 2022
C216: Jan | D216: Feb | E216: Mar | F216: Apr | G216: May | H216: Jun | I216: Jul | J216: Aug | K216: Sep | L216: Oct | M216: Nov | N216: Dec | O216: Jan | P216: Feb | Q216: Mar | R216: Apr | S216: May | T216: Jun | U216: Jul | V216: Aug | W216: Sep | X216: Oct | Y216: Nov | Z216: Dec | AA216: Jan | AB216: Feb | AC216: Mar
B217: Panel | C217: 1.14 | D217: 32.85 | E217: 4.24 | F217: 65.7 | G217: 153.8 | H217: 168.7 | I217: 32.64 | J217: 24.92 | K217: 22.3 | L217: 2.4 | M217: 12.7 | N217: 2.5 | O217: ='2025 FCST'!#REF!+'2025 FCST'!I143+'2025 FCST'!I201+'2025 FCST'!I307+'2025 FCST'!I322+'2025 FCST'!I366 -> #REF! | P217: ='2025 FCST'!#REF!+'2025 FCST'!R143+'2025 FCST'!R201+'2025 FCST'!R307+'2025 FCST'!R322+'2025 FCST'!R366 -> #REF! | Q217: ='2025 FCST'!#REF!+'2025 FCST'!AA143+'2025 FCST'!AA201+'2025 FCST'!AA307+'2025 FCST'!AA322+'2025 FCST'!AA366 -> #REF! | R217: ='2025 FCST'!#REF!+'2025 FCST'!AS143+'2025 FCST'!AS201+'2025 FCST'!AS307+'2025 FCST'!AS322+'2025 FCST'!AS366 -> #REF! | S217: ='2025 FCST'!#REF!+'2025 FCST'!BB143+'2025 FCST'!BB201+'2025 FCST'!BB307+'2025 FCST'!BB322+'2025 FCST'!BB366 -> #REF! | T217: ='2025 FCST'!#REF!+'2025 FCST'!BK143+'2025 FCST'!BK201+'2025 FCST'!BK307+'2025 FCST'!BK322+'2025 FCST'!BK366 -> #REF! | U217: ='2025 FCST'!#REF!+'2025 FCST'!CC143+'2025 FCST'!CC201+'2025 FCST'!CC307+'2025 FCST'!CC322+'2025 FCST'!CC366 -> #REF! | V217: ='2025 FCST'!#REF!+'2025 FCST'!CL143+'2025 FCST'!CL201+'2025 FCST'!CL307+'2025 FCST'!CL322+'2025 FCST'!CL366 -> #REF! | W217: ='2025 FCST'!#REF!+'2025 FCST'!CU143+'2025 FCST'!CU201+'2025 FCST'!CU307+'2025 FCST'!CU322+'2025 FCST'!CU366 -> #REF! | X217: ='2025 FCST'!#REF!+'2025 FCST'!DM143+'2025 FCST'!DM201+'2025 FCST'!DM307+'2025 FCST'!DM322+'2025 FCST'!DM366 -> #REF! | Y217: ='2025 FCST'!#REF!+'2025 FCST'!DV143+'2025 FCST'!DV201+'2025 FCST'!DV307+'2025 FCST'!DV322+'2025 FCST'!DV366 -> #REF! | Z217: ='2025 FCST'!#REF!+'2025 FCST'!EE143+'2025 FCST'!EE201+'2025 FCST'!EE307+'2025 FCST'!EE322+'2025 FCST'!EE366 -> #REF! | AA217: ='2025 FCST'!#REF!+'2025 FCST'!FK143+'2025 FCST'!FK201+'2025 FCST'!FK307+'2025 FCST'!FK322+'2025 FCST'!FK366+'2025 FCST'!FK428 -> #REF! | AB217: ='2025 FCST'!#REF!+'2025 FCST'!FT143+'2025 FCST'!FT201+'2025 FCST'!FT307+'2025 FCST'!FT322+'2025 FCST'!FT428 -> #REF! | AC217: ='2025 FCST'!#REF!+'2025 FCST'!GC143+'2025 FCST'!GC201+'2025 FCST'!GC307+'2025 FCST'!GC322+'2025 FCST'!GC366+'2025 FCST'!GC428 -> #REF!
B218: Controller | C218: 1.584 | D218: 0.44 | E218: 4.235 | F218: 17.163 | G218: 11.467 | H218: 13.896 | I218: 2.598 | J218: 9.31 | K218: 8.7 | L218: 11.94 | M218: 28.8 | N218: 7.65 | O218: ='2025 FCST'!#REF!+'2025 FCST'!I292+'2025 FCST'!#REF! -> #REF! | P218: ='2025 FCST'!#REF!+'2025 FCST'!R292+'2025 FCST'!#REF! -> #REF! | Q218: ='2025 FCST'!#REF!+'2025 FCST'!AA292+'2025 FCST'!#REF! -> #REF! | R218: ='2025 FCST'!#REF!+'2025 FCST'!AS292+'2025 FCST'!#REF! -> #REF! | S218: ='2025 FCST'!#REF!+'2025 FCST'!BB292+'2025 FCST'!#REF! -> #REF! | T218: ='2025 FCST'!#REF!+'2025 FCST'!BK292+'2025 FCST'!#REF! -> #REF! | U218: ='2025 FCST'!#REF!+'2025 FCST'!CC292+'2025 FCST'!#REF! -> #REF! | V218: ='2025 FCST'!#REF!+'2025 FCST'!CL292+'2025 FCST'!#REF! -> #REF! | W218: ='2025 FCST'!#REF!+'2025 FCST'!CU292+'2025 FCST'!#REF! -> #REF! | X218: ='2025 FCST'!#REF!+'2025 FCST'!DM292+'2025 FCST'!#REF! -> #REF! | Y218: ='2025 FCST'!#REF!+'2025 FCST'!DV292+'2025 FCST'!#REF! -> #REF! | Z218: ='2025 FCST'!#REF!+'2025 FCST'!EE292+'2025 FCST'!#REF! -> #REF! | AA218: ='2025 FCST'!#REF!+'2025 FCST'!FK292+'2025 FCST'!#REF! -> #REF! | AB218: ='2025 FCST'!#REF!+'2025 FCST'!FT292+'2025 FCST'!#REF! -> #REF! | AC218: ='2025 FCST'!#REF!+'2025 FCST'!GC292+'2025 FCST'!#REF! -> #REF!
B219: Total | C219: =C217+C218 -> 2.724 | D219: =D217+D218 -> 33.29 | E219: =E217+E218 -> 8.475 | F219: =F217+F218 -> 82.863 | G219: =G217+G218 -> 165.267 | H219: =H217+H218 -> 182.596 | I219: =I217+I218 -> 35.238 | J219: =J217+J218 -> 34.23 | ... AC219: =AC217+AC218 -> #REF!
M220: 2019 Total | N220: =SUM(C219:N219) -> 641.673 | Y220: 2020 Total | Z220: =SUM(O219:Z219) -> #REF! | AB220: 2021Q1 Total | AC220: =SUM(AA219:AC219) -> #REF!
AC221: (unit: k$)
A225: C. | B225: 2016-2021 Microdisplay Quarterly Data (FORECAST)
B227: 2016-2021 Microdisplay - Total Quantity/Quarter
B243: - | C243: 2016 | G243: 2017 | K243: 2018 | O243: 2019 | S243: 2020 | W243: 2021
C244: Q1 | D244: Q2 | E244: Q3 | F244: Q4 | G244: Q1 | H244: Q2 | I244: Q3 | J244: Q4 | K244: Q1 | L244: Q2 | M244: Q3 | N244: Q4 | O244: Q1 | P244: Q2 | Q244: Q3 | R244: Q4 | S244: Q1 | T244: Q2 | U244: Q3 | V244: Q4 | W244: Q1 | X244: Q2 | Y244: Q3 | Z244: Q4
B245: MD | C245: 1.457 | D245: 1.972 | E245: 1.97 | F245: 5.604 | G245: 3.37 | H245: 5.151 | I245: 7.489 | J245: 9.39 | K245: 2.195 | L245: 8.497 | M245: 10.167 | N245: 16.079 | O245: 13.6 | P245: 6.2 | Q245: 9.6 | R245: 8.7 | S245: =C153+D153+E153 -> 4.5 | T245: =F153+G153+H153 -> 40.1 | U245: =I153+J153+K153 -> 9.1 | V245: =L153+M153+N153 -> 25.7 | W245: =O153+P153+Q153 -> 10.095 | X245: =R153+S153+T153 -> 23.4894 | Y245: =U153+V153+W153 -> 65.6195 | Z245: =X153+Y153+Z153 -> 50.907
E246: 2016 Total | F246: =SUM(C245:F245) -> 11.003 | I246: 2017 Total | J246: =SUM(G245:J245) -> 25.4 | M246: 2018 Total | N246: =SUM(K245:N245) -> 36.938 | Q246: 2019 Total | R246: =SUM(O245:R245) -> 38.1 | U246: 2020 Total | V246: =SUM(S245:V245) -> 79.4 | Y246: 2021 Total | Z246: =SUM(W245:Z245) -> 150.1109
Z247: (unit: kpcs)
B249: 2016-2021 Microdisplay - Revenue/Quarter
B265: - | C265: 2016 | G265: 2017 | K265: 2018 | O265: 2019 | S265: 2020 | W265: 2021
C266: Q1 | D266: Q2 | E266: Q3 | F266: Q4 | G266: Q1 | H266: Q2 | I266: Q3 | J266: Q4 | K266: Q1 | L266: Q2 | M266: Q3 | N266: Q4 | O266: Q1 | P266: Q2 | Q266: Q3 | R266: Q4 | S266: Q1 | T266: Q2 | U266: Q3 | V266: Q4 | W266: Q1 | X266: Q2 | Y266: Q3 | Z266: Q4
B267: MD | C267: 40.548 | D267: 30.85 | E267: 107.67 | F267: 74.849 | G267: 54.226 | H267: 113.965 | I267: 158.55 | J267: 295 | K267: 447 | L267: 853 | M267: 368 | N267: 520 | O267: 553 | P267: 754 | Q267: 392 | R267: 363 | S267: =C174+D174+E174 -> 502 | T267: =F174+G174+H174 -> 957 | U267: =I174+J174+K174 -> 624 | V267: =L174+M174+N174 -> 906 | W267: =O174+P174+Q174 -> 1016.4609 | X267: =R174+S174+T174 -> 4990.666 | Y267: =U174+V174+W174 -> 3145.66 | Z267: =X174+Y174+Z174 -> 3238.41
E268: 2016 Total | F268: =SUM(C267:F267) -> 253.917 | I268: 2017 Total | J268: =SUM(G267:J267) -> 621.741 | M268: 2018 Total | N268: =SUM(K267:N267) -> 2188 | Q268: 2019 Total | R268: =SUM(O267:R267) -> 2062 | U268: 2020 Total | V268: =SUM(S267:V267) -> 2989 | Y268: 2021 Total | Z268: =SUM(W267:Z267) -> 12391.197
Z269: (unit: k$)
B271: 2016-2021 Microdisplay - Display Quantity/Quarter
B272: ※ Display Quantity: Panel + Optic + Panel wafer net die
B288: - | C288: 2016 | G288: 2017 | K288: 2018 | O288: 2019 | S288: 2020 | W288: 2021
C289: Q1 | D289: Q2 | E289: Q3 | F289: Q4 | G289: Q1 | H289: Q2 | I289: Q3 | J289: Q4 | K289: Q1 | L289: Q2 | M289: Q3 | N289: Q4 | O289: Q1 | P289: Q2 | Q289: Q3 | R289: Q4 | S289: Q1 | T289: Q2 | U289: Q3 | V289: Q4 | W289: Q1 | X289: Q2 | Y289: Q3 | Z289: Q4
B290: Display | C290: 1.228 | D290: 1.572 | E290: 1.537 | F290: 2.09 | G290: 2.954 | H290: 1.603 | I290: 5.46 | J290: 3.267 | K290: 1.03 | L290: 3.827 | M290: 2.896 | N290: 8.262 | O290: 9.8 | P290: 3.6 | Q290: 6 | R290: 6.9 | S290: =C196+D196+E196 -> 3.8 | T290: =F196+G196+H196 -> 9.8 | U290: =I196+J196+K196 -> 6.3 | V290: =L196+M196+N196 -> 19.7 | W290: =O196+P196+Q196 -> 8.468 | X290: =R196+S196+T196 -> 16.4544 | Y290: =U196+V196+W196 -> 54.5045 | Z290: =X196+Y196+Z196 -> 26.392
E291: 2016 Total | F291: =SUM(C290:F290) -> 6.427 | I291: 2017 Total | J291: =SUM(G290:J290) -> 13.284 | M291: 2018 Total | N291: =SUM(K290:N290) -> 16.015 | Q291: 2019 Total | R291: =SUM(O290:R290) -> 26.3 | U291: 2020 Total | V291: =SUM(S290:V290) -> 39.6 | Y291: 2021 Total | Z291: =SUM(W290:Z290) -> 105.8189
Z292: (unit: kpcs)
B294: 2016-2021 Microdisplay - Panel & Controller Revenue/Quarter
B310: - | C310: 2016 | G310: 2017 | K310: 2018 | O310: 2019 | S310: 2020 | W310: 2021
C311: Q1 | D311: Q2 | E311: Q3 | F311: Q4 | G311: Q1 | H311: Q2 | I311: Q3 | J311: Q4 | K311: Q1 | L311: Q2 | M311: Q3 | N311: Q4 | O311: Q1 | P311: Q2 | Q311: Q3 | R311: Q4 | S311: Q1 | T311: Q2 | U311: Q3 | V311: Q4 | W311: Q1 | X311: Q2 | Y311: Q3 | Z311: Q4
...

Sheet New Graph (PLAN)
A2: A. | B2: 2021 REVENUE (PLAN)
A4: A.1 | B4: 2021 Monthly Plan
B5: ※ Q'ty: total quanitity (including wafer net die, controller & others)
B6: - | C6: Jan | E6: Feb | G6: Mar | I6: Apr | K6: May | M6: Jun | O6: Jul | Q6: Aug | S6: Sep | U6: Oct | W6: Nov | Y6: Dec | AA6: Total
C7: Q'ty | D7: AMT | E7: Q'ty | F7: AMT | G7: Q'ty | H7: AMT | I7: Q'ty | J7: AMT | K7: Q'ty | L7: AMT | M7: Q'ty | N7: AMT | O7: Q'ty | P7: AMT | Q7: Q'ty | R7: AMT | S7: Q'ty | T7: AMT | U7: Q'ty | V7: AMT | W7: Q'ty | X7: AMT | Y7: Q'ty | Z7: AMT | AA7: Q'ty | AB7: AMT
B8: MD | C8: ='2025 FCST'!J510 -> 4.116 | D8: ='2025 FCST'!I464 -> 149.7255 | E8: ='2025 FCST'!S510 -> 5.6574 | F8: ='2025 FCST'!R464 -> 435.14552 | G8: ='2025 FCST'!AB510 -> 16.235 | H8: ='2025 FCST'!AA464 -> 431.58985 | I8: ='2025 FCST'!AT510 -> 11.905 | J8: ='2025 FCST'!AV464 -> 2436.5 | K8: ='2025 FCST'!BC510 -> 14.005 | L8: ='2025 FCST'!BE464 -> 2033.3 | M8: ='2025 FCST'!BL510 -> 20.497 | N8: ='2025 FCST'!BN464 -> 971.06 | O8: ='2025 FCST'!CD510 -> 69.2225 | P8: ='2025 FCST'!CF464 -> 1479.25 | Q8: ='2025 FCST'!CM510 -> 24.733 | R8: ='2025 FCST'!CO464 -> 868.44 | S8: ='2025 FCST'!CV510 -> 45.285 | T8: ='2025 FCST'!CX464 -> 2933.35 | U8: ='2025 FCST'!DN510 -> 19.705 | V8: ='2025 FCST'!DP464 -> 1787.8 | W8: ='2025 FCST'!DW510 -> 18.897 | X8: ='2025 FCST'!DY464 -> 885.96 | Y8: ='2025 FCST'!EF510 -> 31.615 | Z8: ='2025 FCST'!EH464 -> 1221.3 | AA8: =SUM(C8+E8+G8+I8+K8+M8+O8+Q8+S8+U8+W8+Y8) -> 281.8729 | AB8: =D8+F8+H8+J8+L8+N8+P8+R8+T8+V8+X8+Z8 -> 15633.421
B9: MTV | C9: ='2025 FCST'!J514 -> 60 | D9: ='2025 FCST'!I99 -> 24.5 | E9: ='2025 FCST'!S514 -> 249.501 | F9: ='2025 FCST'!R99 -> 59.22 | G9: ='2025 FCST'!AB514 -> 100 | H9: ='2025 FCST'!AA99 -> 35.7139 | I9: ='2025 FCST'!AT514 -> 249.501 | J9: ='2025 FCST'!AV99 -> 134.4139 | K9: ='2025 FCST'!BC514 -> 275 | L9: ='2025 FCST'!BE99 -> 276.5 | M9: ='2025 FCST'!BL514 -> 401.501 | N9: ='2025 FCST'!BN99 -> 272.9059 | O9: ='2025 FCST'!CD514 -> 150 | P9: ='2025 FCST'!CF99 -> 116.2 | Q9: ='2025 FCST'!CM514 -> 249.501 | R9: ='2025 FCST'!CO99 -> 134.4139 | S9: ='2025 FCST'!CV514 -> 285 | T9: ='2025 FCST'!CX99 -> 283.5 | U9: ='2025 FCST'!DN514 -> 399.002 | V9: ='2025 FCST'!DP99 -> 170.1278 | W9: ='2025 FCST'!DW514 -> 100 | X9: ='2025 FCST'!DY99 -> 98.7 | Y9: ='2025 FCST'!EF514 -> 285 | Z9: ='2025 FCST'!EH99 -> 283.5 | AA9: =SUM(C9+E9+G9+I9+K9+M9+O9+Q9+S9+U9+W9+Y9) -> 2804.006 | AB9: =D9+F9+H9+J9+L9+N9+P9+R9+T9+V9+X9+Z9 -> 1889.6954
B10: Total | C10: =C8+C9 -> 64.116 | D10: =D8+D9 -> 174.2255 | E10: =E8+E9 -> 255.1584 | F10: =F8+F9 -> 494.36552 | G10: =G8+G9 -> 116.235 | H10: =H8+H9 -> 467.30375 | I10: =I8+I9 -> 261.406 | J10: =J8+J9 -> 2570.9139 | ... AB10: =AB8+AB9 -> 17523.116
AB11: (unit: kpcs, k$)
B13: 2021 Total Revenue/Month
B29: - | C29: Jan | D29: Feb | E29: Mar | F29: Apr | G29: May | H29: Jun | I29: Jul | J29: Aug | K29: Sep | L29: Oct | M29: Nov | N29: Dec | O29: Total
B30: MD | C30: =D8 -> 149.7255 | D30: =F8 -> 435.14552 | E30: =H8 -> 431.58985 | F30: =J8 -> 2436.5 | G30: =L8 -> 2033.3 | H30: =N8 -> 971.06 | I30: =P8 -> 1479.25 | J30: =R8 -> 868.44 | K30: =T8 -> 2933.35 | L30: =V8 -> 1787.8 | M30: =X8 -> 885.96 | N30: =Z8 -> 1221.3 | O30: =SUM(C30:N30) -> 15633.421
B31: MTV | C31: =D9 -> 24.5 | D31: =F9 -> 59.22 | E31: =H9 -> 35.7139 | F31: =J9 -> 134.4139 | G31: =L9 -> 276.5 | H31: =N9 -> 272.9059 | I31: =P9 -> 116.2 | J31: =R9 -> 134.4139 | K31: =T9 -> 283.5 | L31: =V9 -> 170.1278 | M31: =X9 -> 98.7 | N31: =Z9 -> 283.5 | O31: =SUM(C31:N31) -> 1889.6954
B32: Total | C32: =C30+C31 -> 174.2255 | D32: =D30+D31 -> 494.36552 | E32: =E30+E31 -> 467.30375 | F32: =F30+F31 -> 2570.9139 | G32: =G30+G31 -> 2309.8 | H32: =H30+H31 -> 1243.9659 | I32: =I30+I31 -> 1595.45 | J32: =J30+J31 -> 1002.8539 | ... N32: =N30+N31 -> 1504.8 | O32: =SUM(C32:N32) -> 17523.116
O33: (unit: k$)
B35: 2021 Microdisplay - Total Quantity/Month | Q35: 2021 Microdisplay - Revenue/Month
B45: - | C45: Jan | D45: Feb | E45: Mar | F45: Apr | G45: May | H45: Jun | I45: Jul | J45: Aug | K45: Sep | L45: Oct | M45: Nov | N45: Dec | O45: Total | Q45: - | R45: Jan | S45: Feb. | T45: Mar | U45: Apr | V45: May | W45: Jun | X45: Jul | Y45: Aug | Z45: Sep | AA45: Oct | AB45: Nov | AC45: Dec | AD45: Total
B46: MD | C46: =C8 -> 4.116 | D46: =E8 -> 5.6574 | E46: =G8 -> 16.235 | F46: =I8 -> 11.905 | G46: =K8 -> 14.005 | H46: =M8 -> 20.497 | I46: =O8 -> 69.2225 | J46: =Q8 -> 24.733 | K46: =S8 -> 45.285 | L46: =U8 -> 19.705 | M46: =W8 -> 18.897 | N46: =Y8 -> 31.615 | O46: =SUM(C46:N46) -> 281.8729 | Q46: MD | R46: =D8 -> 149.7255 | S46: =F8 -> 435.14552 | T46: =H8 -> 431.58985 | U46: =J8 -> 2436.5 | V46: =L8 -> 2033.3 | W46: =N8 -> 971.06 | X46: =P8 -> 1479.25 | Y46: =R8 -> 868.44 | Z46: =T8 -> 2933.35 | AA46: =V8 -> 1787.8 | AB46: =X8 -> 885.96 | AC46: =Z8 -> 1221.3 | AD46: =SUM(R46:AC46) -> 15633.421
O47: (unit: kpcs) | AD47: (unit: k$)
B49: 2021 Microdisplay - Display Quantity/Month
B50: ※ Display Quantity: Panel + Optic + Panel wafer net die
B60: - | C60: Jan | D60: Feb | E60: Mar | F60: Apr | G60: May | H60: Jun | I60: Jul | J60: Aug | K60: Sep | L60: Oct | M60: Nov | N60: Dec | O60: Total
B61: Display | C61: ='2025 FCST'!J518 -> 2.911 | D61: ='2025 FCST'!S518 -> 4.2624 | E61: ='2025 FCST'!AB518 -> 11.5 | F61: ='2025 FCST'!AT518 -> 8.8 | G61: ='2025 FCST'!BC518 -> 10.6 | H61: ='2025 FCST'!BL518 -> 11.492 | I61: ='2025 FCST'!CD518 -> 46.5175 | J61: ='2025 FCST'!CM518 -> 11.428 | K61: ='2025 FCST'!CV518 -> 31.48 | L61: ='2025 FCST'!DN518 -> 11.6 | M61: ='2025 FCST'!DW518 -> 15.292 | N61: ='2025 FCST'!EF518 -> 24.51 | O61: =SUM(C61:N61) -> 190.3929
O62: (unit: kpcs)
B64: 2021 MTV - Total Quantity/Month | Q64: 2021 MTV - Revenue/Month
B74: - | C74: Jan | D74: Feb | E74: Mar | F74: Apr | G74: May | H74: Jun | I74: Jul | J74: Aug | K74: Sep | L74: Oct | M74: Nov | N74: Dec | O74: Total | Q74: - | R74: Jan | S74: Feb. | T74: Mar | U74: Apr | V74: May | W74: Jun | X74: Jul | Y74: Aug | Z74: Sep | AA74: Oct | AB74: Nov | AC74: Dec | AD74: Total
B75: MD | C75: =C9 -> 60 | D75: =E9 -> 249.501 | E75: =G9 -> 100 | F75: =I9 -> 249.501 | G75: =K9 -> 275 | H75: =M9 -> 401.501 | I75: =O9 -> 150 | J75: =Q9 -> 249.501 | K75: =S9 -> 285 | L75: =U9 -> 399.002 | M75: =W9 -> 100 | N75: =Y9 -> 285 | O75: =SUM(C75:N75) -> 2804.006 | Q75: MD | R75: =D9 -> 24.5 | S75: =F9 -> 59.22 | T75: =H9 -> 35.7139 | U75: =J9 -> 134.4139 | V75: =L9 -> 276.5 | W75: =N9 -> 272.9059 | X75: =P9 -> 116.2 | Y75: =R9 -> 134.4139 | Z75: =T9 -> 283.5 | AA75: =V9 -> 170.1278 | AB75: =X9 -> 98.7 | AC75: =Z9 -> 283.5 | AD75: =SUM(R75:AC75) -> 1889.6954
O76: (unit: kpcs) | AD76: (unit: k$)
A79: A.2 | B79: 2021 Quarterly Plan | Q79: 2022 Quarterly Plan
B81: - | C81: Q1 | E81: Q2 | G81: Q3 | I81: Q4 | K81: Total | Q81: - | R81: Q1 | T81: Q2 | V81: Q3 | X81: Q4 | Z81: Total
C82: Q'ty | D82: AMT | E82: Q'ty | F82: AMT | G82: Q'ty | H82: AMT | I82: Q'ty | J82: AMT | K82: Q'ty | L82: AMT | R82: Q'ty | S82: AMT | T82: Q'ty | U82: AMT | V82: Q'ty | W82: AMT | X82: Q'ty | Y82: AMT | Z82: Q'ty | AA82: AMT
B83: MD | C83: =C46+D46+E46 -> 26.0084 | D83: ='2025 FCST'!AJ464 -> 957.61687 | E83: =F46+G46+H46 -> 46.407 | F83: ='2025 FCST'!BW464 -> 5440.86 | G83: =I46+J46+K46 -> 139.2405 | H83: ='2025 FCST'!DG464 -> 5281.04 | I83: =L46+M46+N46 -> 70.217 | J83: ='2025 FCST'!EQ464 -> 3863.56 | K83: =C83+E83+G83+I83 -> 281.8729 | L83: =D83+F83+H83+J83 -> 15543.077 | Q83: MD | R83: ='2025 FCST'!GM464 -> 17.657 | S83: ='2025 FCST'!GO464 -> 4027.92 | T83: ='2025 FCST'!HW464 -> 40.085 | U83: ='2025 FCST'!HY464 -> 2466.1 | V83: ='2025 FCST'!JG464 -> 101.268 | W83: ='2025 FCST'!JI464 -> 4065.99 | X83: ='2025 FCST'!KQ464 -> 24.415 | Y83: ='2025 FCST'!KS464 -> 1082 | Z83: =R83+T83+V83+X83 -> 183.425 | AA83: =S83+U83+W83+Y83 -> 11642.01
B84: MTV | C84: =C75+D75+E75 -> 409.501 | D84: ='2025 FCST'!AJ99 -> 119.4339 | E84: =F75+G75+H75 -> 926.002 | F84: ='2025 FCST'!BW99 -> 683.8198 | G84: =I75+J75+K75 -> 684.501 | H84: ='2025 FCST'!DG99 -> 534.1139 | I84: =L75+M75+N75 -> 784.002 | J84: ='2025 FCST'!EQ99 -> 552.3278 | K84: =C84+E84+G84+I84 -> 2804.006 | L84: =D84+F84+H84+J84 -> 1889.6954 | Q84: MTV | R84: ='2025 FCST'!GM99 -> 409.501 | S84: ='2025 FCST'!GO99 -> 257.6139 | T84: ='2025 FCST'!HW99 -> 926.002 | U84: ='2025 FCST'!HY99 -> 683.8198 | V84: ='2025 FCST'!JG99 -> 684.501 | W84: ='2025 FCST'!JI99 -> 534.1139 | X84: ='2025 FCST'!KQ99 -> 784.002 | Y84: ='2025 FCST'!KS99 -> 552.3278 | Z84: =R84+T84+V84+X84 -> 2804.006 | AA84: =S84+U84+W84+Y84 -> 2027.8754
B85: Total | C85: =C83+C84 -> 435.5094 | D85: =D83+D84 -> 1077.0508 | E85: =E83+E84 -> 972.409 | F85: =F83+F84 -> 6124.6798 | G85: =G83+G84 -> 823.7415 | H85: =H83+H84 -> 5815.1539 | I85: =I83+I84 -> 854.219 | J85: =J83+J84 -> 4415.8878 | ... L85: =L83+L84 -> 17432.772 | Q85: Total | R85: =R83+R84 -> 427.158 | S85: =S83+S84 -> 4285.5339 | T85: =T83+T84 -> 966.087 | U85: =U83+U84 -> 3149.9198 | V85: =V83+V84 -> 785.769 | W85: =W83+W84 -> 4600.1039 | X85: =X83+X84 -> 808.417 | Y85: =Y83+Y84 -> 1634.3278 | ... AA85: =AA83+AA84 -> 13669.885
L86: (unit: kpcs, k$) | AA86: (unit: kpcs, k$)
B88: 2021 Microdisplay - Total Quantity/Quarter | I88: 2021 Microdisplay - Revenue/Quarter
B98: - | C98: Q1 | D98: Q2 | E98: Q3 | F98: Q4 | G98: Total | I98: - | J98: Q1 | K98: Q2 | L98: Q3 | M98: Q4 | N98: Total | X98: - | Y98: Q1 | Z98: Q2 | AA98: Q3 | AB98: Q4 | AC98: Total
B99: MD | C99: =C83 -> 26.0084 | D99: =E83 -> 46.407 | E99: =G83 -> 139.2405 | F99: =I83 -> 70.217 | G99: =SUM(C99:F99) -> 281.8729 | I99: MD | J99: =D83 -> 957.61687 | K99: =F83 -> 5440.86 | L99: =H83 -> 5281.04 | M99: =J83 -> 3863.56 | N99: =SUM(J99:M99) -> 15543.077 | X99: MD | Y99: =S83 -> 4027.92 | Z99: =U83 -> 2466.1 | AA99: =W83 -> 4065.99 | AB99: =Y83 -> 1082 | AC99: =SUM(Y99:AB99) -> 11642.01
G100: (unit: kpcs) | N100: (unit: k$)
B102: 2021 Microdisplay - Display Quantity/Quarter
B103: ※ Display Quantity: Panel + Optic + Panel wafer net die
B113: - | C113: Q1 | D113: Q2 | E113: Q3 | F113: Q4 | G113: Total
B114: Display | C114: =C61+D61+E61 -> 18.6734 | D114: =F61+G61+H61 -> 30.892 | E114: =I61+J61+K61 -> 89.4255 | F114: =L61+M61+N61 -> 51.402 | G114: =SUM(C114:F114) -> 190.3929
G115: (unit: kpcs)
B117: 2021 MTV - Total Quantity/Quarter | I117: 2021 MTV - Revenue/Quarter
B127: - | C127: Q1 | D127: Q2 | E127: Q3 | F127: Q4 | G127: Total | I127: - | J127: Q1 | K127: Q2 | L127: Q3 | M127: Q4 | N127: Total
B128: MTV | C128: =C84 -> 409.501 | D128: =E84 -> 926.002 | E128: =G84 -> 684.501 | F128: =I84 -> 784.002 | G128: =SUM(C128:F128) -> 2804.006 | I128: MTV | J128: =D84 -> 119.4339 | K128: =F84 -> 683.8198 | L128: =H84 -> 534.1139 | M128: =J84 -> 552.3278 | N128: =SUM(J128:M128) -> 1889.6954
G129: (unit: kpcs) | N129: (unit: k$)
A133: B. | B133: 2020-2022Q1 Microdisplay Monthly Data (PLAN)
B135: 2020-2022Q1 Microdisplay - Total Quantity/Month
B151: - | C151: 2020 | O151: 2021 | AA151: 2022
C152: Jan | D152: Feb | E152: Mar | F152: Apr | G152: May | H152: Jun | I152: Jul | J152: Aug | K152: Sep | L152: Oct | M152: Nov | N152: Dec | O152: Jan | P152: Feb | Q152: Mar | R152: Apr | S152: May | T152: Jun | U152: Jul | V152: Aug | W152: Sep | X152: Oct | Y152: Nov | Z152: Dec | AA152: Jan | AB152: Feb | AC152: Mar
B153: MD | C153: 1.6 | D153: 0.7 | E153: 2.2 | F153: 9.5 | G153: 15.1 | H153: 15.5 | I153: 5.3 | J153: 1.9 | K153: 1.9 | L153: 1.5 | M153: 22.9 | N153: 1.3 | O153: =C46 -> 4.116 | P153: =D46 -> 5.6574 | Q153: =E46 -> 16.235 | R153: =F46 -> 11.905 | S153: =G46 -> 14.005 | T153: =H46 -> 20.497 | U153: =I46 -> 69.2225 | V153: =J46 -> 24.733 | ... Z153: =N46 -> 31.615 | AA153: ='2025 FCST'!FL510 -> 3.335 | AB153: ='2025 FCST'!FU510 -> 9.015 | AC153: ='2025 FCST'!GD510 -> 13.997
M154: 2019 Total | N154: =SUM(C153:N153) -> 79.4 | Y154: 2020 Total | Z154: =SUM(O153:Z153) -> 281.8729 | AB154: 2021Q1 Total | AC154: =SUM(AA153:AC153) -> 26.347
AC155: (unit: kpcs)
B156: 2020-2022Q1 Microdisplay - Revenue/Month
AC171: (unit: k$)
B172: - | C172: 2020 | O172: 2021 | AA172: 2022
C173: Jan | D173: Feb | E173: Mar | F173: Apr | G173: May | H173: Jun | I173: Jul | J173: Aug | K173: Sep | L173: Oct | M173: Nov | N173: Dec | O173: Jan | P173: Feb | Q173: Mar | R173: Apr | S173: May | T173: Jun | U173: Jul | V173: Aug | W173: Sep | X173: Oct | Y173: Nov | Z173: Dec | AA173: Jan | AB173: Feb | AC173: Mar
B174: MD | C174: 233 | D174: 47 | E174: 222 | F174: 317 | G174: 419 | H174: 221 | I174: 132 | J174: 447 | K174: 45 | L174: 43 | M174: 484 | N174: 379 | O174: =R46 -> 149.7255 | P174: =S46 -> 435.14552 | Q174: =T46 -> 431.58985 | R174: =U46 -> 2436.5 | S174: =V46 -> 2033.3 | T174: =W46 -> 971.06 | U174: =X46 -> 1479.25 | V174: =Y46 -> 868.44 | ... Z174: =AC46 -> 1221.3 | AA174: ='2025 FCST'!FN464 -> 1588.7 | AB174: ='2025 FCST'!FW464 -> 1754.96 | AC174: ='2025 FCST'!GF464 -> 779.76
M175: 2019 Total | N175: =SUM(C174:N174) -> 2989 | Y175: 2020 Total | Z175: =SUM(O174:Z174) -> 15633.421 | AB175: 2021Q1 Total | AC175: =SUM(AA174:AC174) -> 4123.42
AC176: (unit: k$)
B177: 2020-2022Q1 Microdisplay - Display Quantity/Month
B178: ※ Display Quantity: Panel + Optic + Panel wafer net die
B194: - | C194: 2020 | O194: 2021 | AA194: 2022
C195: Jan | D195: Feb | E195: Mar | F195: Apr | G195: May | H195: Jun | I195: Jul | J195: Aug | K195: Sep | L195: Oct | M195: Nov | N195: Dec | O195: Jan | P195: Feb | Q195: Mar | R195: Apr | S195: May | T195: Jun | U195: Jul | V195: Aug | W195: Sep | X195: Oct | Y195: Nov | Z195: Dec | AA195: Jan | AB195: Feb | AC195: Mar
B196: Display | C196: 1.5 | D196: 0.6 | E196: 1.7 | F196: 1 | G196: 5.8 | H196: 3 | I196: 5.1 | J196: 0.4 | K196: 0.8 | L196: 0.2 | M196: 18.7 | N196: 0.8 | O196: =C61 -> 2.911 | P196: =D61 -> 4.2624 | Q196: =E61 -> 11.5 | R196: =F61 -> 8.8 | S196: =G61 -> 10.6 | T196: =H61 -> 11.492 | U196: =I61 -> 46.5175 | V196: =J61 -> 11.428 | ... Z196: =N61 -> 24.51 | AA196: ='2025 FCST'!FL518 -> 1.83 | AB196: ='2025 FCST'!FU518 -> 7.41 | AC196: ='2025 FCST'!GD518 -> 7.192
M197: 2019 Total | N197: =SUM(C196:N196) -> 39.6 | Y197: 2020 Total | Z197: =SUM(O196:Z196) -> 190.3929 | AB197: 2021Q1 Total | AC197: =SUM(AA196:AC196) -> 16.432
AC198: (unit: kpcs)
B199: 2020-2022Q1 Microdisplay - Panel & Controller Revenue/Month
B215: - | C215: 2020 | O215: 2021 | AA215: 2022
C216: Jan | D216: Feb | E216: Mar | F216: Apr | G216: May | H216: Jun | I216: Jul | J216: Aug | K216: Sep | L216: Oct | M216: Nov | N216: Dec | O216: Jan | P216: Feb | Q216: Mar | R216: Apr | S216: May | T216: Jun | U216: Jul | V216: Aug | W216: Sep | X216: Oct | Y216: Nov | Z216: Dec | AA216: Jan | AB216: Feb | AC216: Mar
B217: Panel | C217: 1.14 | D217: 32.85 | E217: 4.24 | F217: 65.7 | G217: 153.8 | H217: 168.7 | I217: 32.64 | J217: 24.92 | K217: 22.3 | L217: 2.4 | M217: 12.7 | N217: 2.5 | O217: ='2025 FCST'!#REF!+'2025 FCST'!I143+'2025 FCST'!I201+'2025 FCST'!I307+'2025 FCST'!I322+'2025 FCST'!I366 -> #REF! | P217: ='2025 FCST'!#REF!+'2025 FCST'!R143+'2025 FCST'!R201+'2025 FCST'!R307+'2025 FCST'!R322+'2025 FCST'!R366 -> #REF! | Q217: ='2025 FCST'!#REF!+'2025 FCST'!AA143+'2025 FCST'!AA201+'2025 FCST'!AA307+'2025 FCST'!AA322+'2025 FCST'!AA366 -> #REF! | R217: ='2025 FCST'!#REF!+'2025 FCST'!AV143+'2025 FCST'!AV201+'2025 FCST'!AV307+'2025 FCST'!AV322+'2025 FCST'!AV366 -> #REF! | S217: ='2025 FCST'!#REF!+'2025 FCST'!BE143+'2025 FCST'!BE201+'2025 FCST'!BE307+'2025 FCST'!BE322+'2025 FCST'!BE366 -> #REF! | T217: ='2025 FCST'!#REF!+'2025 FCST'!BN143+'2025 FCST'!BN201+'2025 FCST'!BN307+'2025 FCST'!BN322+'2025 FCST'!BN366 -> #REF! | U217: ='2025 FCST'!#REF!+'2025 FCST'!CF143+'2025 FCST'!CF201+'2025 FCST'!CF307+'2025 FCST'!CF322+'2025 FCST'!CF366 -> #REF! | V217: ='2025 FCST'!#REF!+'2025 FCST'!CO143+'2025 FCST'!CO201+'2025 FCST'!CO307+'2025 FCST'!CO322+'2025 FCST'!CO366 -> #REF! | W217: ='2025 FCST'!#REF!+'2025 FCST'!CX143+'2025 FCST'!CX201+'2025 FCST'!CX307+'2025 FCST'!CX322+'2025 FCST'!CX366 -> #REF! | X217: ='2025 FCST'!#REF!+'2025 FCST'!DP143+'2025 FCST'!DP201+'2025 FCST'!DP307+'2025 FCST'!DP322+'2025 FCST'!DP366 -> #REF! | Y217: ='2025 FCST'!#REF!+'2025 FCST'!DY143+'2025 FCST'!DY201+'2025 FCST'!DY45+'2025 FCST'!DY322+'2025 FCST'!DY366 -> #REF! | Z217: ='2025 FCST'!#REF!+'2025 FCST'!EH143+'2025 FCST'!EH201+'2025 FCST'!EH307+'2025 FCST'!EH322+'2025 FCST'!EH366 -> #REF! | AA217: ='2025 FCST'!#REF!+'2025 FCST'!FN143+'2025 FCST'!FN201+'2025 FCST'!FN307+'2025 FCST'!FN322+'2025 FCST'!FN366+'2025 FCST'!FN428 -> #REF! | AB217: ='2025 FCST'!#REF!+'2025 FCST'!FW143+'2025 FCST'!FW201+'2025 FCST'!FW307+'2025 FCST'!FW322+'2025 FCST'!FW366+'2025 FCST'!FW428 -> #REF! | AC217: ='2025 FCST'!#REF!+'2025 FCST'!GF143+'2025 FCST'!GF201+'2025 FCST'!GF307+'2025 FCST'!GF322+'2025 FCST'!GF366+'2025 FCST'!GF428 -> #REF!
B218: Controller | C218: 1.584 | D218: 0.44 | E218: 4.235 | F218: 17.163 | G218: 11.467 | H218: 13.896 | I218: 2.598 | J218: 9.31 | K218: 8.7 | L218: 11.94 | M218: 28.8 | N218: 7.65 | O218: ='2025 FCST'!#REF!+'2025 FCST'!I292+'2025 FCST'!#REF! -> #REF! | P218: ='2025 FCST'!#REF!+'2025 FCST'!R292+'2025 FCST'!#REF! -> #REF! | Q218: ='2025 FCST'!#REF!+'2025 FCST'!AA292+'2025 FCST'!#REF! -> #REF! | R218: ='2025 FCST'!#REF!+'2025 FCST'!AV292+'2025 FCST'!#REF! -> #REF! | S218: ='2025 FCST'!#REF!+'2025 FCST'!BE292+'2025 FCST'!#REF! -> #REF! | T218: ='2025 FCST'!#REF!+'2025 FCST'!BK292+'2025 FCST'!#REF! -> #REF! | U218: ='2025 FCST'!#REF!+'2025 FCST'!CF292+'2025 FCST'!#REF! -> #REF! | V218: ='2025 FCST'!#REF!+'2025 FCST'!CO292+'2025 FCST'!#REF! -> #REF! | W218: ='2025 FCST'!#REF!+'2025 FCST'!CX292+'2025 FCST'!#REF! -> #REF! | X218: ='2025 FCST'!#REF!+'2025 FCST'!DP292+'2025 FCST'!#REF! -> #REF! | Y218: ='2025 FCST'!#REF!+'2025 FCST'!DY292+'2025 FCST'!#REF! -> #REF! | Z218: ='2025 FCST'!#REF!+'2025 FCST'!EH292+'2025 FCST'!#REF! -> #REF! | AA218: ='2025 FCST'!#REF!+'2025 FCST'!FN292+'2025 FCST'!#REF! -> #REF! | AB218: ='2025 FCST'!#REF!+'2025 FCST'!FW292+'2025 FCST'!#REF! -> #REF! | AC218: ='2025 FCST'!#REF!+'2025 FCST'!GF292+'2025 FCST'!#REF! -> #REF!
B219: Total | C219: =C217+C218 -> 2.724 | D219: =D217+D218 -> 33.29 | E219: =E217+E218 -> 8.475 | F219: =F217+F218 -> 82.863 | G219: =G217+G218 -> 165.267 | H219: =H217+H218 -> 182.596 | I219: =I217+I218 -> 35.238 | J219: =J217+J218 -> 34.23 | ... AC219: =AC217+AC218 -> #REF!
M220: 2019 Total | N220: =SUM(C219:N219) -> 641.673 | Y220: 2020 Total | Z220: =SUM(O219:Z219) -> #REF! | AB220: 2021Q1 Total | AC220: =SUM(AA219:AC219) -> #REF!
AC221: (unit: k$)
A225: C. | B225: 2016-2021 Microdisplay Quarterly Data (PLAN)
B227: 2016-2021 Microdisplay - Total Quantity/Quarter
B243: - | C243: 2016 | G243: 2017 | K243: 2018 | O243: 2019 | S243: 2020 | W243: 2021
C244: Q1 | D244: Q2 | E244: Q3 | F244: Q4 | G244: Q1 | H244: Q2 | I244: Q3 | J244: Q4 | K244: Q1 | L244: Q2 | M244: Q3 | N244: Q4 | O244: Q1 | P244: Q2 | Q244: Q3 | R244: Q4 | S244: Q1 | T244: Q2 | U244: Q3 | V244: Q4 | W244: Q1 | X244: Q2 | Y244: Q3 | Z244: Q4
B245: MD | C245: 1.457 | D245: 1.972 | E245: 1.97 | F245: 5.604 | G245: 3.37 | H245: 5.151 | I245: 7.489 | J245: 9.39 | K245: 2.195 | L245: 8.497 | M245: 10.167 | N245: 16.079 | O245: 13.6 | P245: 6.2 | Q245: 9.6 | R245: 8.7 | S245: =C153+D153+E153 -> 4.5 | T245: =F153+G153+H153 -> 40.1 | U245: =I153+J153+K153 -> 9.1 | V245: =L153+M153+N153 -> 25.7 | W245: =O153+P153+Q153 -> 26.0084 | X245: =R153+S153+T153 -> 46.407 | Y245: =U153+V153+W153 -> 139.2405 | Z245: =X153+Y153+Z153 -> 70.217
E246: 2016 Total | F246: =SUM(C245:F245) -> 11.003 | I246: 2017 Total | J246: =SUM(G245:J245) -> 25.4 | M246: 2018 Total | N246: =SUM(K245:N245) -> 36.938 | Q246: 2019 Total | R246: =SUM(O245:R245) -> 38.1 | U246: 2020 Total | V246: =SUM(S245:V245) -> 79.4 | Y246: 2021 Total | Z246: =SUM(W245:Z245) -> 281.8729
Z247: (unit: kpcs)
B249: 2016-2021 Microdisplay - Revenue/Quarter
B265: - | C265: 2016 | G265: 2017 | K265: 2018 | O265: 2019 | S265: 2020 | W265: 2021
C266: Q1 | D266: Q2 | E266: Q3 | F266: Q4 | G266: Q1 | H266: Q2 | I266: Q3 | J266: Q4 | K266: Q1 | L266: Q2 | M266: Q3 | N266: Q4 | O266: Q1 | P266: Q2 | Q266: Q3 | R266: Q4 | S266: Q1 | T266: Q2 | U266: Q3 | V266: Q4 | W266: Q1 | X266: Q2 | Y266: Q3 | Z266: Q4
B267: MD | C267: 40.548 | D267: 30.85 | E267: 107.67 | F267: 74.849 | G267: 54.226 | H267: 113.965 | I267: 158.55 | J267: 295 | K267: 447 | L267: 853 | M267: 368 | N267: 520 | O267: 553 | P267: 754 | Q267: 392 | R267: 363 | S267: =C174+D174+E174 -> 502 | T267: =F174+G174+H174 -> 957 | U267: =I174+J174+K174 -> 624 | V267: =L174+M174+N174 -> 906 | W267: =O174+P174+Q174 -> 1016.4609 | X267: =R174+S174+T174 -> 5440.86 | Y267: =U174+V174+W174 -> 5281.04 | Z267: =X174+Y174+Z174 -> 3895.06
E268: 2016 Total | F268: =SUM(C267:F267) -> 253.917 | I268: 2017 Total | J268: =SUM(G267:J267) -> 621.741 | M268: 2018 Total | N268: =SUM(K267:N267) -> 2188 | Q268: 2019 Total | R268: =SUM(O267:R267) -> 2062 | U268: 2020 Total | V268: =SUM(S267:V267) -> 2989 | Y268: 2021 Total | Z268: =SUM(W267:Z267) -> 15633.421
Z269: (unit: k$)
B271: 2016-2021 Microdisplay - Display Quantity/Quarter
B272: ※ Display Quantity: Panel + Optic + Panel wafer net die
B288: - | C288: 2016 | G288: 2017 | K288: 2018 | O288: 2019 | S288: 2020 | W288: 2021
C289: Q1 | D289: Q2 | E289: Q3 | F289: Q4 | G289: Q1 | H289: Q2 | I289: Q3 | J289: Q4 | K289: Q1 | L289: Q2 | M289: Q3 | N289: Q4 | O289: Q1 | P289: Q2 | Q289: Q3 | R289: Q4 | S289: Q1 | T289: Q2 | U289: Q3 | V289: Q4 | W289: Q1 | X289: Q2 | Y289: Q3 | Z289: Q4
B290: Display | C290: 1.228 | D290: 1.572 | E290: 1.537 | F290: 2.09 | G290: 2.954 | H290: 1.603 | I290: 5.46 | J290: 3.267 | K290: 1.03 | L290: 3.827 | M290: 2.896 | N290: 8.262 | O290: 9.8 | P290: 3.6 | Q290: 6 | R290: 6.9 | S290: =C196+D196+E196 -> 3.8 | T290: =F196+G196+H196 -> 9.8 | U290: =I196+J196+K196 -> 6.3 | V290: =L196+M196+N196 -> 19.7 | W290: =O196+P196+Q196 -> 18.6734 | X290: =R196+S196+T196 -> 30.892 | Y290: =U196+V196+W196 -> 89.4255 | Z290: =X196+Y196+Z196 -> 51.402
E291: 2016 Total | F291: =SUM(C290:F290) -> 6.427 | I291: 2017 Total | J291: =SUM(G290:J290) -> 13.284 | M291: 2018 Total | N291: =SUM(K290:N290) -> 16.015 | Q291: 2019 Total | R291: =SUM(O290:R290) -> 26.3 | U291: 2020 Total | V291: =SUM(S290:V290) -> 39.6 | Y291: 2021 Total | Z291: =SUM(W290:Z290) -> 190.3929
Z292: (unit: kpcs)
B294: 2016-2021 Microdisplay - Panel & Controller Revenue/Quarter
B310: - | C310: 2016 | G310: 2017 | K310: 2018 | O310: 2019 | S310: 2020 | W310: 2021
C311: Q1 | D311: Q2 | E311: Q3 | F311: Q4 | G311: Q1 | H311: Q2 | I311: Q3 | J311: Q4 | K311: Q1 | L311: Q2 | M311: Q3 | N311: Q4 | O311: Q1 | P311: Q2 | Q311: Q3 | R311: Q4 | S311: Q1 | T311: Q2 | U311: Q3 | V311: Q4 | W311: Q1 | X311: Q2 | Y311: Q3 | Z311: Q4
...

Sheet 2021-2025
B2: 2020-2025 Long Term Plan (submitted to JMGO in Q4 2020)
B4: - | D4: 2021 (Typical) | G4: 2022 | K4: 2023 | O4: 2024 | S4: 2025
D5: Q'ty | E5: ASP | F5: AMT | G5: Q'ty | H5: ASP | I5: ASP Variation | J5: AMT | K5: Q'ty | L5: ASP | M5: ASP Variation | N5: AMT | O5: Q'ty | P5: ASP | Q5: ASP Variation | R5: AMT | S5: Q'ty | T5: ASP | U5: ASP Variation | V5: AMT
B6: MD | C6: Controller | D6: ='2025 FCST'!#REF!+'2025 FCST'!EU292+'2025 FCST'!#REF! -> #REF! | E6: =F6/D6 -> #REF! | F6: ='2025 FCST'!#REF!+'2025 FCST'!EW292+'2025 FCST'!#REF! -> #REF! | G6: ='2025 FCST'!#REF!+'2025 FCST'!KZ292+'2025 FCST'!#REF! -> #REF! | H6: =J6/G6 -> #REF! | I6: -0.01 | J6: ='2025 FCST'!#REF!+'2025 FCST'!LB292+'2025 FCST'!#REF! -> #REF! | K6: =(K7+K8+K9+K10+K11)*0.75 -> 607.5 | L6: =H6+H6*M6 -> #REF! | M6: -0.015 | N6: =K6*L6 -> #REF! | O6: =(O7+O8+O9+O10+O11)*0.75 -> 1230 | P6: =L6+L6*Q6 -> #REF! | Q6: -0.02 | R6: =O6*P6 -> #REF! | S6: =(S7+S8+S9+S10+S11)*0.75 -> 2850 | T6: =P6+P6*U6 -> #REF! | U6: -0.025 | V6: =S6*T6 -> #REF!
C7: RDP370F | D7: ='2025 FCST'!EU201 -> 3.5 | E7: =F7/D7 -> 33 | F7: ='2025 FCST'!EW201 -> 115.5 | G7: ='2025 FCST'!KZ201 -> 8 | H7: =J7/G7 -> 34.78125 | I7: -0.03 | J7: ='2025 FCST'!LB201 -> 278.25 | K7: 450 | L7: =H7+H7*M7 -> 33.042187 | M7: -0.05 | N7: =K7*L7 -> 14868.984 | O7: 800 | P7: =L7+L7*Q7 -> 30.729234 | Q7: -0.07 | R7: =O7*P7 -> 24583.387 | S7: 1500 | T7: =P7+P7*U7 -> 28.270896 | U7: -0.08 | V7: =S7*T7 -> 42406.343
C8: RDP502(1)H | D8: ='2025 FCST'!#REF!+'2025 FCST'!EU322+'2025 FCST'!EU366 -> #REF! | E8: =F8/D8 -> #REF! | F8: ='2025 FCST'!#REF!+'2025 FCST'!EW322+'2025 FCST'!EW366 -> #REF! | G8: ='2025 FCST'!#REF!+'2025 FCST'!KZ322+'2025 FCST'!KZ366 -> #REF! | H8: =J8/G8 -> #REF! | I8: -0.03 | J8: ='2025 FCST'!#REF!+'2025 FCST'!LB322+'2025 FCST'!LB366 -> #REF! | K8: 50 | L8: =H8+H8*M8 -> #REF! | M8: -0.05 | N8: =K8*L8 -> #REF! | O8: 100 | P8: =L8+L8*Q8 -> #REF! | Q8: -0.07 | R8: =O8*P8 -> #REF! | S8: 200 | T8: =P8+P8*U8 -> #REF! | U8: -0.08 | V8: =S8*T8 -> #REF!
C9: RDP551F | D9: ='2025 FCST'!EU307 -> 1.3 | E9: =F9/D9 -> 62.307692 | F9: ='2025 FCST'!EW307 -> 81 | G9: ='2025 FCST'!KZ307 -> 5.5 | H9: =J9/G9 -> 66.909091 | I9: -0.03 | J9: ='2025 FCST'!LB307 -> 368 | K9: 100 | L9: =H9+H9*M9 -> 63.563636 | M9: -0.05 | N9: =K9*L9 -> 6356.3636 | O9: 200 | P9: =L9+L9*Q9 -> 59.114182 | Q9: -0.07 | R9: =O9*P9 -> 11822.836 | S9: 400 | T9: =P9+P9*U9 -> 54.385047 | U9: -0.08 | V9: =S9*T9 -> 21754.019
C10: RDPxxxU | D10: 0 | E10: 90 | F10: =D10*E10 -> 0 | G10: 0 | H10: 0 | I10: 0 | J10: 0 | K10: 10 | L10: 100 | M10: -0.0333 | N10: =K10*L10 -> 1000 | O10: 40 | P10: =L10+L10*Q10 -> 94.825 | Q10: -0.05175 | R10: =O10*P10 -> 3793 | S10: 200 | T10: =P10+P10*U10 -> 88.18725 | U10: -0.07 | V10: =S10*T10 -> 17637.45
C11: RDP250H | D11: ='2025 FCST'!EU143 -> 33.006 | E11: =F11/D11 -> 26.600921 | F11: ='2025 FCST'!EW143 -> 877.99 | G11: ='2025 FCST'!KZ143 -> 79 | H11: =J11/G11 -> 27.139241 | I11: -0.015 | J11: ='2025 FCST'!LB143 -> 2144 | K11: 200 | L11: =H11+H11*M11 -> 26.325063 | M11: -0.03 | N11: =K11*L11 -> 5265.0127 | O11: 500 | P11: =L11+L11*Q11 -> 25.00881 | Q11: -0.05 | R11: =O11*P11 -> 12504.405 | S11: 1500 | T11: =P11+P11*U11 -> 23.258193 | U11: -0.07 | V11: =S11*T11 -> 34887.29
C12: RDP390E2K Die | D12: ='2025 FCST'!EU399*242*0.9 -> 0 | E12: =F12/D12 -> #DIV/0! | F12: ='2025 FCST'!EW399 -> 0 | G12: ='2025 FCST'!KW399*242*0.9 -> 0 | H12: =J12/G12 -> #DIV/0! | I12: =(H12-E12)/E12 -> #DIV/0! | J12: ='2025 FCST'!KY399 -> 0 | K12: =1000*242*0.9/1000 -> 217.8 | L12: =H12+H12*M12 -> #DIV/0! | M12: -0.03 | N12: =K12*L12 -> #DIV/0! | O12: 450 | P12: =L12+L12*Q12 -> #DIV/0! | Q12: -0.03 | R12: =O12*P12 -> #DIV/0! | S12: 1000 | T12: =P12+P12*U12 -> #DIV/0! | U12: -0.03 | V12: =S12*T12 -> #DIV/0!
C13: RDPC340X | D13: 0 | E13: 0 | F13: 0 | G13: 0 | H13: 0 | I13: 0 | J13: 0 | K13: 200 | L13: 38 | M13: 0 | N13: =K13*L13 -> 7600 | O13: 500 | P13: =L13+L13*Q13 -> 36.86 | Q13: -0.03 | R13: =O13*P13 -> 18430 | S13: 1000 | T13: =P13+P13*U13 -> 35.7542 | U13: -0.03 | V13: =S13*T13 -> 35754.2
C14: LCoS Wafers Die | D14: ='2025 FCST'!EU155*288*0.9+'2025 FCST'!EU208*261*0.9+'2025 FCST'!EU348*165*0.9 -> 33.4125 | E14: =F14/D14 -> 13.279461 | F14: ='2025 FCST'!EW155+'2025 FCST'!EW208+'2025 FCST'!EW348 -> 443.7 | G14: ='2025 FCST'!KZ155*288*0.9+'2025 FCST'!KZ208*261*0.9+'2025 FCST'!KZ348*165*0.9 -> 39.8925 | H14: =J14/G14 -> 15.383844 | I14: 0 | J14: ='2025 FCST'!LB155+'2025 FCST'!LB208+'2025 FCST'!LB348 -> 613.7 | K14: 800 | L14: =H14+H14*M14 -> 14.922329 | M14: -0.03 | N14: =K14*L14 -> 11937.863 | O14: 1200 | P14: =L14+L14*Q14 -> 14.176212 | Q14: -0.05 | R14: =O14*P14 -> 17011.455 | S14: 1500 | T14: =P14+P14*U14 -> 13.183877 | U14: -0.07 | V14: =S14*T14 -> 19775.816
C15: uLED Wafer Die | D15: 0 | E15: 0 | F15: =D15*E15 -> 0 | G15: 0 | H15: 0 | I15: 0 | J15: =G15*H15 -> 0 | K15: 20 | L15: 10 | M15: 0 | N15: =K15*L15 -> 200 | O15: 500 | P15: =L15+L15*Q15 -> 9.7 | Q15: -0.03 | R15: =O15*P15 -> 4850 | S15: 2000 | T15: =P15+P15*U15 -> 9.215 | U15: -0.05 | V15: =S15*T15 -> 18430
C16: uOLED Wafer Die | D16: =('2025 FCST'!EU379+'2025 FCST'!EU380)*40+('2025 FCST'!EU383+'2025 FCST'!EU384+'2025 FCST'!EU385+'2025 FCST'!EU386+'2025 FCST'!EU394)*82 -> 1 | E16: =F16/D16 -> 53.55 | F16: ='2025 FCST'!EW379+'2025 FCST'!EW380+'2025 FCST'!EW383+'2025 FCST'!EW384+'2025 FCST'!EW385+'2025 FCST'!EW386+'2025 FCST'!EW394 -> 53.55 | G16: =('2025 FCST'!KZ379+'2025 FCST'!KZ380)*40+('2025 FCST'!KZ383+'2025 FCST'!KZ384+'2025 FCST'!KZ385+'2025 FCST'!KZ386+'2025 FCST'!KZ394)*82 -> 6.15 | H16: =J16/G16 -> 51.219512 | I16: 0 | J16: ='2025 FCST'!LB379+'2025 FCST'!LB380+'2025 FCST'!LB383+'2025 FCST'!LB384+'2025 FCST'!LB385+'2025 FCST'!LB386+'2025 FCST'!LB394 -> 315 | K16: 20 | L16: 10 | M16: 0 | N16: =K16*L16 -> 200 | O16: 500 | P16: =L16+L16*Q16 -> 9.7 | Q16: -0.03 | R16: =O16*P16 -> 4850 | S16: 1500 | T16: =P16+P16*U16 -> 9.409 | U16: -0.03 | V16: =S16*T16 -> 14113.5
C17: OE VISION | D17: ='2025 FCST'!EU418+'2025 FCST'!EU419+'2025 FCST'!EU420+'2025 FCST'!EU426 -> 0.576 | E17: =F17/D17 -> 980 | F17: ='2025 FCST'!EW418+'2025 FCST'!EW419+'2025 FCST'!EW420+'2025 FCST'!EW426 -> 564.48 | G17: ='2025 FCST'!KZ418+'2025 FCST'!KZ419+'2025 FCST'!KZ420+'2025 FCST'!KZ426 -> 0.84 | H17: 950 | I17: 0 | J17: ='2025 FCST'!LB418+'2025 FCST'!LB419+'2025 FCST'!LB420+'2025 FCST'!LB426 -> 823.2 | K17: 8 | L17: =H17+H17*M17 -> 931 | M17: -0.02 | N17: =K17*L17 -> 7448 | O17: 20 | P17: =L17+L17*Q17 -> 912.38 | Q17: -0.02 | R17: =O17*P17 -> 18247.6 | S17: 50 | T17: =P17+P17*U17 -> 894.1324 | U17: -0.02 | V17: =S17*T17 -> 44706.62
C18: F2 | D18: ='2025 FCST'!EU425 -> 0.6 | E18: =F18/D18 -> 700 | F18: ='2025 FCST'!EW425 -> 420 | G18: ='2025 FCST'!KZ425 -> 1.7 | H18: 300 | I18: =(H18-E18)/E18 -> -0.57142857 | J18: ='2025 FCST'!LB425 -> 1190 | K18: 8 | L18: =H18+H18*M18 -> 294 | M18: -0.02 | N18: =K18*L18 -> 2352 | O18: 15 | P18: =L18+L18*Q18 -> 288.12 | Q18: -0.02 | R18: =O18*P18 -> 4321.8 | S18: 50 | T18: =P18+P18*U18 -> 282.3576 | U18: -0.02 | V18: =S18*T18 -> 14117.88
C19: Contract | D19: 0 | E19: 0 | F19: ='2025 FCST'!EW456 -> 6990 | G19: 0 | H19: 0 | I19: 0 | J19: ='2025 FCST'!LB456 -> 3310 | K19: 0 | L19: 0 | M19: 0 | N19: 6500 | O19: 0 | P19: 0 | Q19: 0 | R19: 6500 | S19: 0 | T19: 0 | U19: 0 | V19: 6500
C20: Others | D20: 0 | E20: 0 | F20: =F25-SUM(F6:F19)-F21 -> #REF! | G20: 0 | H20: 0 | I20: 0 | J20: =J25-SUM(J6:J19)-J21 -> #REF! | K20: 0 | L20: 0 | M20: 0 | N20: =N25-SUM(N6:N19)-N21 -> #REF! | O20: 0 | P20: 0 | Q20: 0 | R20: =R25-SUM(R6:R19)-R21 -> #REF! | S20: 0 | T20: 0 | U20: 0 | V20: =V25-SUM(V6:V19)-V21 -> #REF!
B21: MTV | D21: ='2025 FCST'!EU99 -> 1496.503 | F21: ='2025 FCST'!EW99 -> 1029.7297 | G21: ='2025 FCST'!KZ99 -> 2804.006 | H21: =F21/D21+F21/D21*I21 -> 0.67432882 | I21: -0.02 | J21: ='2025 FCST'!LB99 -> 2027.8754 | K21: 4500 | L21: =H21+H21*M21 -> 0.66084225 | M21: -0.02 | N21: =K21*L21 -> 2973.7901 | O21: 4400 | P21: =L21+L21*Q21 -> 0.6476254 | Q21: -0.02 | R21: =O21*P21 -> 2849.5518 | S21: 4300 | T21: =P21+P21*U21 -> 0.63467289 | U21: -0.02 | V21: =S21*T21 -> 2729.0934
B22: Total | D22: =SUM(D6:D21) -> #REF! | F22: =SUM(F6:F21) -> #REF! | G22: =SUM(G6:G21) -> #REF! | H22: - | I22: - | J22: =SUM(J6:J21) -> #REF! | K22: =SUM(K6:K21) -> 7191.3 | L22: - | M22: - | N22: =SUM(N6:N21) -> #REF! | O22: =SUM(O6:O21) -> 10455 | P22: - | Q22: - | R22: =SUM(R6:R21) -> #REF! | S22: =SUM(S6:S21) -> 18050 | T22: - | U22: - | V22: =SUM(V6:V21) -> #REF!
V23: (unit: kpcs, k$)
F25: 6928 | J25: 25832 | N25: 62000 | R25: 125000 | V25: 270000
D42: 2021 | E42: 2022 | F42: 2023 | G42: 2024 | H42: 2025 | J42: CAGR
D43: =F22 -> #REF! | E43: =J22 -> #REF! | F43: =N22 -> #REF! | G43: =R22 -> #REF! | H43: =V22 -> #REF! | J43: =(H43/D43)^(1/4)-1 -> #REF!

Sheet 2025 FCST
B3: CY2026 | G3: 2026 | J3: 2026 | FI3: 2027 | FL3: 2027
B4: Model | C4: Customer | D4: Standard | E4: Application | F4: Location | G4: Jan '26 | P4: Feb. '26 | Y4: Mar '26 | AH4: CY25 1Q | AQ4: Apr. '26 | AZ4: May. '26 | BI4: Jun. '26 | BR4: CY26 2Q | CA4: Jul. '26 | CJ4: Aug. '26 | CS4: Sep '26 | DB4: CY26 3Q | DK4: Oct. '26 | DT4: Nov. '26 | EC4: Dec. '26 | EL4: CY26 4Q | EU4: CY26 Total | FE4: Model | FF4: Customer | FG4: Application | FH4: Location | FI4: Jan '27 | FR4: Feb. '27 | GA4: Mar '27 | GJ4: CY25 1Q | GS4: Apr. '27 | HB4: May. '27 | HK4: Jun. '27 | HT4: CY26 2Q | IC4: Jul. '27 | IL4: Aug. '27 | IU4: Sep '27 | JD4: CY26 3Q | JM4: Oct. '27 | JV4: Nov. '27 | KE4: Dec. '27 | KN4: CY26 4Q | KW4: CY27 Total
G5: FCST | J5: PLAN | M5: FCST vs. PLAN | P5: CLOSED | S5: PLAN | V5: FCST vs. PLAN | Y5: FCST | AB5: PLAN | AE5: FCST vs. PLAN | AH5: FCST | AK5: PLAN | AN5: FCST vs. PLAN | AQ5: FCST | AT5: PLAN | AW5: FCST vs. PLAN | AZ5: FCST | BC5: PLAN | BF5: FCST vs. PLAN | BI5: FCST | BL5: PLAN | BO5: FCST vs. PLAN | BR5: FCST | BU5: PLAN | BX5: FCST vs. PLAN | CA5: FCST | CD5: PLAN | CG5: FCST vs. PLAN | CJ5: FCST | CM5: PLAN | CP5: FCST vs. PLAN | CS5: FCST | CV5: PLAN | CY5: FCST vs. PLAN | DB5: FCST | DE5: PLAN | DH5: FCST vs. PLAN | DK5: FCST | DN5: PLAN | DQ5: FCST vs. PLAN | DT5: FCST | DW5: PLAN | DZ5: FCST vs. PLAN | EC5: FCST | EF5: PLAN | EI5: FCST vs. PLAN | EL5: FCST | EO5: PLAN | ER5: FCST vs. PLAN | EU5: FCST | EX5: PLAN | FA5: FCST vs. PLAN | FI5: FCST | FL5: PLAN | FO5: FCST vs. PLAN | FR5: FCST | FU5: PLAN | FX5: FCST vs. PLAN | GA5: FCST | GD5: PLAN | GG5: FCST vs. PLAN | GJ5: FCST | GM5: PLAN | GP5: FCST vs. PLAN | GS5: FCST | GV5: PLAN | GY5: FCST vs. PLAN | HB5: FCST | HE5: PLAN | HH5: FCST vs. PLAN | HK5: FCST | HN5: PLAN | HQ5: FCST vs. PLAN | HT5: FCST | HW5: PLAN | HZ5: FCST vs. PLAN | IC5: FCST | IF5: PLAN | II5: FCST vs. PLAN | IL5: FCST | IO5: PLAN | IR5: FCST vs. PLAN | IU5: FCST | IX5: PLAN | JA5: FCST vs. PLAN | JD5: FCST | JG5: PLAN | JJ5: FCST vs. PLAN | JM5: FCST | JP5: PLAN | JS5: FCST vs. PLAN | JV5: FCST | JY5: PLAN | KB5: FCST vs. PLAN | KE5: FCST | KH5: PLAN | KK5: FCST vs. PLAN | KN5: FCST | KQ5: PLAN | KT5: FCST vs. PLAN | KW5: FCST | KZ5: PLAN | LC5: FCST vs. PLAN
G6: Q'ty | H6: ASP | I6: AMT | J6: Q'ty | K6: ASP | L6: AMT | M6: Q'ty | N6: ASP | O6: AMT | P6: Q'ty | Q6: ASP | R6: AMT | S6: Q'ty | T6: ASP | U6: AMT | V6: Q'ty | W6: ASP | X6: AMT | Y6: Q'ty | Z6: ASP | AA6: AMT | AB6: Q'ty | AC6: ASP | AD6: AMT | AE6: Q'ty | AF6: ASP | AG6: AMT | AH6: Q'ty | AI6: ASP | AJ6: AMT | AK6: Q'ty | AL6: ASP | AM6: AMT | AN6: Q'ty | AO6: ASP | AP6: AMT | AQ6: Q'ty | AR6: ASP | AS6: AMT | AT6: Q'ty | AU6: ASP | AV6: AMT | AW6: Q'ty | AX6: ASP | AY6: AMT | AZ6: Q'ty | BA6: ASP | BB6: AMT | BC6: Q'ty | BD6: ASP | BE6: AMT | BF6: Q'ty | BG6: ASP | BH6: AMT | BI6: Q'ty | BJ6: ASP | BK6: AMT | BL6: Q'ty | BM6: ASP | BN6: AMT | BO6: Q'ty | BP6: ASP | BQ6: AMT | BR6: Q'ty | BS6: ASP | BT6: AMT | BU6: Q'ty | BV6: ASP | BW6: AMT | BX6: Q'ty | BY6: ASP | BZ6: AMT | CA6: Q'ty | CB6: ASP | CC6: AMT | CD6: Q'ty | CE6: ASP | CF6: AMT | CG6: Q'ty | CH6: ASP | CI6: AMT | CJ6: Q'ty | CK6: ASP | CL6: AMT | CM6: Q'ty | CN6: ASP | CO6: AMT | CP6: Q'ty | CQ6: ASP | CR6: AMT | CS6: Q'ty | CT6: ASP | CU6: AMT | CV6: Q'ty | CW6: ASP | CX6: AMT | CY6: Q'ty | CZ6: ASP | DA6: AMT | DB6: Q'ty | DC6: ASP | DD6: AMT | DE6: Q'ty | DF6: ASP | DG6: AMT | DH6: Q'ty | DI6: ASP | DJ6: AMT | DK6: Q'ty | DL6: ASP | DM6: AMT | DN6: Q'ty | DO6: ASP | DP6: AMT | DQ6: Q'ty | DR6: ASP | DS6: AMT | DT6: Q'ty | DU6: ASP | DV6: AMT | DW6: Q'ty | DX6: ASP | DY6: AMT | DZ6: Q'ty | EA6: ASP | EB6: AMT | EC6: Q'ty | ED6: ASP | EE6: AMT | EF6: Q'ty | EG6: ASP | EH6: AMT | EI6: Q'ty | EJ6: ASP | EK6: AMT | EL6: Q'ty | EM6: ASP | EN6: AMT | EO6: Q'ty | EP6: ASP | EQ6: AMT | ER6: Q'ty | ES6: ASP | ET6: AMT | EU6: Q'ty | EV6: ASP | EW6: AMT | EX6: Q'ty | EY6: ASP | EZ6: AMT | FA6: Q'ty | FB6: ASP | FC6: AMT | FI6: Q'ty | FJ6: ASP | FK6: AMT | FL6: Q'ty | FM6: ASP | FN6: AMT | FO6: Q'ty | FP6: ASP | FQ6: AMT | FR6: Q'ty | FS6: ASP | FT6: AMT | FU6: Q'ty | FV6: ASP | FW6: AMT | FX6: Q'ty | FY6: ASP | FZ6: AMT | GA6: Q'ty | GB6: ASP | GC6: AMT | GD6: Q'ty | GE6: ASP | GF6: AMT | GG6: Q'ty | GH6: ASP | GI6: AMT | GJ6: Q'ty | GK6: ASP | GL6: AMT | GM6: Q'ty | GN6: ASP | GO6: AMT | GP6: Q'ty | GQ6: ASP | GR6: AMT | GS6: Q'ty | GT6: ASP | GU6: AMT | GV6: Q'ty | GW6: ASP | GX6: AMT | GY6: Q'ty | GZ6: ASP | HA6: AMT | HB6: Q'ty | HC6: ASP | HD6: AMT | HE6: Q'ty | HF6: ASP | HG6: AMT | HH6: Q'ty | HI6: ASP | HJ6: AMT | HK6: Q'ty | HL6: ASP | HM6: AMT | HN6: Q'ty | HO6: ASP | HP6: AMT | HQ6: Q'ty | HR6: ASP | HS6: AMT | HT6: Q'ty | HU6: ASP | HV6: AMT | HW6: Q'ty | HX6: ASP | HY6: AMT | HZ6: Q'ty | IA6: ASP | IB6: AMT | IC6: Q'ty | ID6: ASP | IE6: AMT | IF6: Q'ty | IG6: ASP | IH6: AMT | II6: Q'ty | IJ6: ASP | IK6: AMT | IL6: Q'ty | IM6: ASP | IN6: AMT | IO6: Q'ty | IP6: ASP | IQ6: AMT | IR6: Q'ty | IS6: ASP | IT6: AMT | IU6: Q'ty | IV6: ASP | IW6: AMT | IX6: Q'ty | IY6: ASP | IZ6: AMT | JA6: Q'ty | JB6: ASP | JC6: AMT | JD6: Q'ty | JE6: ASP | JF6: AMT | JG6: Q'ty | JH6: ASP | JI6: AMT | JJ6: Q'ty | JK6: ASP | JL6: AMT | JM6: Q'ty | JN6: ASP | JO6: AMT | JP6: Q'ty | JQ6: ASP | JR6: AMT | JS6: Q'ty | JT6: ASP | JU6: AMT | JV6: Q'ty | JW6: ASP | JX6: AMT | JY6: Q'ty | JZ6: ASP | KA6: AMT | KB6: Q'ty | KC6: ASP | KD6: AMT | KE6: Q'ty | KF6: ASP | KG6: AMT | KH6: Q'ty | KI6: ASP | KJ6: AMT | KK6: Q'ty | KL6: ASP | KM6: AMT | KN6: Q'ty | KO6: ASP | KP6: AMT | KQ6: Q'ty | KR6: ASP | KS6: AMT | KT6: Q'ty | KU6: ASP | KV6: AMT | KW6: Q'ty | KX6: ASP | KY6: AMT | KZ6: Q'ty | LA6: ASP | LB6: AMT | LC6: Q'ty | LD6: ASP | LE6: AMT
E8: MTV | I8: =G8*H8 -> 0 | L8: =J8*K8 -> 0 | M8: =G8-J8 -> 0 | N8: =H8-K8 -> 0 | O8: =I8-L8 -> 0 | R8: =P8*Q8 -> 0 | U8: =S8*T8 -> 0 | V8: =P8-S8 -> 0 | W8: =Q8-T8 -> 0 | X8: =R8-U8 -> 0 | AA8: =Y8*Z8 -> 0 | AD8: =AB8*AC8 -> 0 | AE8: =Y8-AB8 -> 0 | AF8: =Z8-AC8 -> 0 | AG8: =AA8-AD8 -> 0 | AH8: =G8+P8+Y8 -> 0 | AI8: =IF(AJ8,AJ8/AH8,0) -> 0 | AJ8: =I8+R8+AA8 -> 0 | AK8: =J8+S8+AB8 -> 0 | AL8: =IF(AM8,AM8/AK8,0) -> 0 | AM8: =L8+U8+AD8 -> 0 | AN8: =AH8-AK8 -> 0 | AO8: =AI8-AL8 -> 0 | AP8: =AJ8-AM8 -> 0 | AS8: =AQ8*AR8 -> 0 | AV8: =AT8*AU8 -> 0 | AW8: =AQ8-AT8 -> 0 | AX8: =AR8-AU8 -> 0 | AY8: =AS8-AV8 -> 0 | BB8: =AZ8*BA8 -> 0 | BE8: =BC8*BD8 -> 0 | BF8: =AZ8-BC8 -> 0 | BG8: =BA8-BD8 -> 0 | BH8: =BB8-BE8 -> 0 | BK8: =BI8*BJ8 -> 0 | BN8: =BL8*BM8 -> 0 | BO8: =BI8-BL8 -> 0 | BP8: =BJ8-BM8 -> 0 | BQ8: =BK8-BN8 -> 0 | BR8: =AQ8+AZ8+BI8 -> 0 | BS8: =IF(BT8,BT8/BR8,0) -> 0 | BT8: =AS8+BB8+BK8 -> 0 | BU8: =AT8+BC8+BL8 -> 0 | BV8: =IF(BW8,BW8/BU8,0) -> 0 | BW8: =AV8+BE8+BN8 -> 0 | BX8: =BR8-BU8 -> 0 | BY8: =BS8-BV8 -> 0 | BZ8: =BT8-BW8 -> 0 | CC8: =CA8*CB8 -> 0 | CF8: =CD8*CE8 -> 0 | CG8: =CA8-CD8 -> 0 | CH8: =CB8-CE8 -> 0 | CI8: =CC8-CF8 -> 0 | CL8: =CJ8*CK8 -> 0 | CO8: =CM8*CN8 -> 0 | CP8: =CJ8-CM8 -> 0 | CQ8: =CK8-CN8 -> 0 | CR8: =CL8-CO8 -> 0 | CU8: =CS8*CT8 -> 0 | CX8: =CV8*CW8 -> 0 | CY8: =CS8-CV8 -> 0 | CZ8: =CT8-CW8 -> 0 | DA8: =CU8-CX8 -> 0 | DB8: =CA8+CJ8+CS8 -> 0 | DC8: =IF(DD8,DD8/DB8,0) -> 0 | DD8: =CC8+CL8+CU8 -> 0 | DE8: =CD8+CM8+CV8 -> 0 | DF8: =IF(DG8,DG8/DE8,0) -> 0 | DG8: =CF8+CO8+CX8 -> 0 | DH8: =DB8-DE8 -> 0 | DI8: =DC8-DF8 -> 0 | DJ8: =DD8-DG8 -> 0 | DM8: =DK8*DL8 -> 0 | DP8: =DN8*DO8 -> 0 | DQ8: =DK8-DN8 -> 0 | DR8: =DL8-DO8 -> 0 | DS8: =DM8-DP8 -> 0 | DV8: =DT8*DU8 -> 0 | DY8: =DW8*DX8 -> 0 | DZ8: =DT8-DW8 -> 0 | EA8: =DU8-DX8 -> 0 | EB8: =DV8-DY8 -> 0 | EE8: =EC8*ED8 -> 0 | EH8: =EF8*EG8 -> 0 | EI8: =EC8-EF8 -> 0 | EJ8: =ED8-EG8 -> 0 | EK8: =EE8-EH8 -> 0 | EL8: =DK8+DT8+EC8 -> 0 | EM8: =IF(EN8,EN8/EL8,0) -> 0 | EN8: =DM8+DV8+EE8 -> 0 | EO8: =DN8+DW8+EF8 -> 0 | EP8: =IF(EQ8,EQ8/EO8,0) -> 0 | EQ8: =DP8+DY8+EH8 -> 0 | ER8: =EL8-EO8 -> 0 | ES8: =EM8-EP8 -> 0 | ET8: =EN8-EQ8 -> 0 | EU8: =AH8+BR8+DB8+EL8 -> 0 | EV8: =IF(EW8,EW8/EU8,0) -> 0 | EW8: =AJ8+BT8+DD8+EN8 -> 0 | EX8: =AK8+BU8+DE8+EO8 -> 0 | EY8: =IF(EZ8,EZ8/EX8,0) -> 0 | EZ8: =AM8+BW8+DG8+EQ8 -> 0 | FA8: =EU8-EX8 -> 0 | FB8: =EV8-EY8 -> 0 | FC8: =EW8-EZ8 -> 0 | FE8: MTV319AW7 | FF8: SAMSUNG | FH8: K | FK8: =FI8*FJ8 -> 0 | FN8: =FL8*FM8 -> 0 | FO8: =FI8-FL8 -> 0 | FP8: =FJ8-FM8 -> 0 | FQ8: =FK8-FN8 -> 0 | FT8: =FR8*FS8 -> 0 | FW8: =FU8*FV8 -> 0 | FX8: =FR8-FU8 -> 0 | FY8: =FS8-FV8 -> 0 | FZ8: =FT8-FW8 -> 0 | GC8: =GA8*GB8 -> 0 | GF8: =GD8*GE8 -> 0 | GG8: =GA8-GD8 -> 0 | GH8: =GB8-GE8 -> 0 | GI8: =GC8-GF8 -> 0 | GJ8: =FI8+FR8+GA8 -> 0 | GK8: =IF(GL8,GL8/GJ8,0) -> 0 | GL8: =FK8+FT8+GC8 -> 0 | GM8: =FL8+FU8+GD8 -> 0 | GN8: =IF(GO8,GO8/GM8,0) -> 0 | GO8: =FN8+FW8+GF8 -> 0 | GP8: =GJ8-GM8 -> 0 | GQ8: =GK8-GN8 -> 0 | GR8: =GL8-GO8 -> 0 | GU8: =GS8*GT8 -> 0 | GX8: =GV8*GW8 -> 0 | GY8: =GS8-GV8 -> 0 | GZ8: =GT8-GW8 -> 0 | HA8: =GU8-GX8 -> 0 | HD8: =HB8*HC8 -> 0 | HG8: =HE8*HF8 -> 0 | HH8: =HB8-HE8 -> 0 | HI8: =HC8-HF8 -> 0 | HJ8: =HD8-HG8 -> 0 | HM8: =HK8*HL8 -> 0 | HP8: =HN8*HO8 -> 0 | HQ8: =HK8-HN8 -> 0 | HR8: =HL8-HO8 -> 0 | HS8: =HM8-HP8 -> 0 | HT8: =GS8+HB8+HK8 -> 0 | HU8: =IF(HV8,HV8/HT8,0) -> 0 | HV8: =GU8+HD8+HM8 -> 0 | HW8: =GV8+HE8+HN8 -> 0 | HX8: =IF(HY8,HY8/HW8,0) -> 0 | HY8: =GX8+HG8+HP8 -> 0 | HZ8: =HT8-HW8 -> 0 | IA8: =HU8-HX8 -> 0 | IB8: =HV8-HY8 -> 0 | IE8: =IC8*ID8 -> 0 | IH8: =IF8*IG8 -> 0 | II8: =IC8-IF8 -> 0 | IJ8: =ID8-IG8 -> 0 | IK8: =IE8-IH8 -> 0 | IN8: =IL8*IM8 -> 0 | IQ8: =IO8*IP8 -> 0 | IR8: =IL8-IO8 -> 0 | IS8: =IM8-IP8 -> 0 | IT8: =IN8-IQ8 -> 0 | IW8: =IU8*IV8 -> 0 | IZ8: =IX8*IY8 -> 0 | JA8: =IU8-IX8 -> 0 | JB8: =IV8-IY8 -> 0 | JC8: =IW8-IZ8 -> 0 | JD8: =IC8+IL8+IU8 -> 0 | JE8: =IF(JF8,JF8/JD8,0) -> 0 | JF8: =IE8+IN8+IW8 -> 0 | JG8: =IF8+IO8+IX8 -> 0 | JH8: =IF(JI8,JI8/JG8,0) -> 0 | JI8: =IH8+IQ8+IZ8 -> 0 | JJ8: =JD8-JG8 -> 0 | JK8: =JE8-JH8 -> 0 | JL8: =JF8-JI8 -> 0 | JO8: =JM8*JN8 -> 0 | JR8: =JP8*JQ8 -> 0 | JS8: =JM8-JP8 -> 0 | JT8: =JN8-JQ8 -> 0 | JU8: =JO8-JR8 -> 0 | JX8: =JV8*JW8 -> 0 | KA8: =JY8*JZ8 -> 0 | KB8: =JV8-JY8 -> 0 | KC8: =JW8-JZ8 -> 0 | KD8: =JX8-KA8 -> 0 | KG8: =KE8*KF8 -> 0 | KJ8: =KH8*KI8 -> 0 | KK8: =KE8-KH8 -> 0 | KL8: =KF8-KI8 -> 0 | KM8: =KG8-KJ8 -> 0 | KN8: =JM8+JV8+KE8 -> 0 | KO8: =IF(KP8,KP8/KN8,0) -> 0 | KP8: =JO8+JX8+KG8 -> 0 | KQ8: =JP8+JY8+KH8 -> 0 | KR8: =IF(KS8,KS8/KQ8,0) -> 0 | KS8: =JR8+KA8+KJ8 -> 0 | KT8: =KN8-KQ8 -> 0 | KU8: =KO8-KR8 -> 0 | KV8: =KP8-KS8 -> 0 | KW8: =GJ8+HT8+JD8+KN8 -> 0 | KX8: =IF(KY8,KY8/KW8,0) -> 0 | KY8: =GL8+HV8+JF8+KP8 -> 0 | KZ8: =GM8+HW8+JG8+KQ8 -> 0 | LA8: =IF(LB8,LB8/KZ8,0) -> 0 | LB8: =GO8+HY8+JI8+KS8 -> 0 | LC8: =KW8-KZ8 -> 0 | LD8: =KX8-LA8 -> 0 | LE8: =KY8-LB8 -> 0
E9: MTV | I9: =G9*H9 -> 0 | L9: =J9*K9 -> 0 | M9: =G9-J9 -> 0 | N9: =H9-K9 -> 0 | O9: =I9-L9 -> 0 | R9: =P9*Q9 -> 0 | U9: =S9*T9 -> 0 | V9: =P9-S9 -> 0 | W9: =Q9-T9 -> 0 | X9: =R9-U9 -> 0 | AA9: =Y9*Z9 -> 0 | AD9: =AB9*AC9 -> 0 | AE9: =Y9-AB9 -> 0 | AF9: =Z9-AC9 -> 0 | AG9: =AA9-AD9 -> 0 | AH9: =G9+P9+Y9 -> 0 | AI9: =IF(AJ9,AJ9/AH9,0) -> 0 | AJ9: =I9+R9+AA9 -> 0 | AK9: =J9+S9+AB9 -> 0 | AL9: =IF(AM9,AM9/AK9,0) -> 0 | AM9: =L9+U9+AD9 -> 0 | AN9: =AH9-AK9 -> 0 | AO9: =AI9-AL9 -> 0 | AP9: =AJ9-AM9 -> 0 | AS9: =AQ9*AR9 -> 0 | AV9: =AT9*AU9 -> 0 | AW9: =AQ9-AT9 -> 0 | AX9: =AR9-AU9 -> 0 | AY9: =AS9-AV9 -> 0 | BB9: =AZ9*BA9 -> 0 | BE9: =BC9*BD9 -> 0 | BF9: =AZ9-BC9 -> 0 | BG9: =BA9-BD9 -> 0 | BH9: =BB9-BE9 -> 0 | BK9: =BI9*BJ9 -> 0 | BN9: =BL9*BM9 -> 0 | BO9: =BI9-BL9 -> 0 | BP9: =BJ9-BM9 -> 0 | BQ9: =BK9-BN9 -> 0 | BR9: =AQ9+AZ9+BI9 -> 0 | BS9: =IF(BT9,BT9/BR9,0) -> 0 | BT9: =AS9+BB9+BK9 -> 0 | BU9: =AT9+BC9+BL9 -> 0 | BV9: =IF(BW9,BW9/BU9,0) -> 0 | BW9: =AV9+BE9+BN9 -> 0 | BX9: =BR9-BU9 -> 0 | BY9: =BS9-BV9 -> 0 | BZ9: =BT9-BW9 -> 0 | CC9: =CA9*CB9 -> 0 | CF9: =CD9*CE9 -> 0 | CG9: =CA9-CD9 -> 0 | CH9: =CB9-CE9 -> 0 | CI9: =CC9-CF9 -> 0 | CL9: =CJ9*CK9 -> 0 | CO9: =CM9*CN9 -> 0 | CP9: =CJ9-CM9 -> 0 | CQ9: =CK9-CN9 -> 0 | CR9: =CL9-CO9 -> 0 | CU9: =CS9*CT9 -> 0 | CX9: =CV9*CW9 -> 0 | CY9: =CS9-CV9 -> 0 | CZ9: =CT9-CW9 -> 0 | DA9: =CU9-CX9 -> 0 | DB9: =CA9+CJ9+CS9 -> 0 | DC9: =IF(DD9,DD9/DB9,0) -> 0 | DD9: =CC9+CL9+CU9 -> 0 | DE9: =CD9+CM9+CV9 -> 0 | DF9: =IF(DG9,DG9/DE9,0) -> 0 | DG9: =CF9+CO9+CX9 -> 0 | DH9: =DB9-DE9 -> 0 | DI9: =DC9-DF9 -> 0 | DJ9: =DD9-DG9 -> 0 | DM9: =DK9*DL9 -> 0 | DP9: =DN9*DO9 -> 0 | DQ9: =DK9-DN9 -> 0 | DR9: =DL9-DO9 -> 0 | DS9: =DM9-DP9 -> 0 | DV9: =DT9*DU9 -> 0 | DY9: =DW9*DX9 -> 0 | DZ9: =DT9-DW9 -> 0 | EA9: =DU9-DX9 -> 0 | EB9: =DV9-DY9 -> 0 | EE9: =EC9*ED9 -> 0 | EH9: =EF9*EG9 -> 0 | EI9: =EC9-EF9 -> 0 | EJ9: =ED9-EG9 -> 0 | EK9: =EE9-EH9 -> 0 | EL9: =DK9+DT9+EC9 -> 0 | EM9: =IF(EN9,EN9/EL9,0) -> 0 | EN9: =DM9+DV9+EE9 -> 0 | EO9: =DN9+DW9+EF9 -> 0 | EP9: =IF(EQ9,EQ9/EO9,0) -> 0 | EQ9: =DP9+DY9+EH9 -> 0 | ER9: =EL9-EO9 -> 0 | ES9: =EM9-EP9 -> 0 | ET9: =EN9-EQ9 -> 0 | EU9: =AH9+BR9+DB9+EL9 -> 0 | EV9: =IF(EW9,EW9/EU9,0) -> 0 | EW9: =AJ9+BT9+DD9+EN9 -> 0 | EX9: =AK9+BU9+DE9+EO9 -> 0 | EY9: =IF(EZ9,EZ9/EX9,0) -> 0 | EZ9: =AM9+BW9+DG9+EQ9 -> 0 | FA9: =EU9-EX9 -> 0 | FB9: =EV9-EY9 -> 0 | FC9: =EW9-EZ9 -> 0 | FK9: =FI9*FJ9 -> 0 | FN9: =FL9*FM9 -> 0 | FO9: =FI9-FL9 -> 0 | FP9: =FJ9-FM9 -> 0 | FQ9: =FK9-FN9 -> 0 | FT9: =FR9*FS9 -> 0 | FW9: =FU9*FV9 -> 0 | FX9: =FR9-FU9 -> 0 | FY9: =FS9-FV9 -> 0 | FZ9: =FT9-FW9 -> 0 | GC9: =GA9*GB9 -> 0 | GF9: =GD9*GE9 -> 0 | GG9: =GA9-GD9 -> 0 | GH9: =GB9-GE9 -> 0 | GI9: =GC9-GF9 -> 0 | GJ9: =FI9+FR9+GA9 -> 0 | GK9: =IF(GL9,GL9/GJ9,0) -> 0 | GL9: =FK9+FT9+GC9 -> 0 | GM9: =FL9+FU9+GD9 -> 0 | GN9: =IF(GO9,GO9/GM9,0) -> 0 | GO9: =FN9+FW9+GF9 -> 0 | GP9: =GJ9-GM9 -> 0 | GQ9: =GK9-GN9 -> 0 | GR9: =GL9-GO9 -> 0 | GU9: =GS9*GT9 -> 0 | GX9: =GV9*GW9 -> 0 | GY9: =GS9-GV9 -> 0 | GZ9: =GT9-GW9 -> 0 | HA9: =GU9-GX9 -> 0 | HD9: =HB9*HC9 -> 0 | HG9: =HE9*HF9 -> 0 | HH9: =HB9-HE9 -> 0 | HI9: =HC9-HF9 -> 0 | HJ9: =HD9-HG9 -> 0 | HM9: =HK9*HL9 -> 0 | HP9: =HN9*HO9 -> 0 | HQ9: =HK9-HN9 -> 0 | HR9: =HL9-HO9 -> 0 | HS9: =HM9-HP9 -> 0 | HT9: =GS9+HB9+HK9 -> 0 | HU9: =IF(HV9,HV9/HT9,0) -> 0 | HV9: =GU9+HD9+HM9 -> 0 | HW9: =GV9+HE9+HN9 -> 0 | HX9: =IF(HY9,HY9/HW9,0) -> 0 | HY9: =GX9+HG9+HP9 -> 0 | HZ9: =HT9-HW9 -> 0 | IA9: =HU9-HX9 -> 0 | IB9: =HV9-HY9 -> 0 | IE9: =IC9*ID9 -> 0 | IH9: =IF9*IG9 -> 0 | II9: =IC9-IF9 -> 0 | IJ9: =ID9-IG9 -> 0 | IK9: =IE9-IH9 -> 0 | IN9: =IL9*IM9 -> 0 | IQ9: =IO9*IP9 -> 0 | IR9: =IL9-IO9 -> 0 | IS9: =IM9-IP9 -> 0 | IT9: =IN9-IQ9 -> 0 | IW9: =IU9*IV9 -> 0 | IZ9: =IX9*IY9 -> 0 | JA9: =IU9-IX9 -> 0 | JB9: =IV9-IY9 -> 0 | JC9: =IW9-IZ9 -> 0 | JD9: =IC9+IL9+IU9 -> 0 | JE9: =IF(JF9,JF9/JD9,0) -> 0 | JF9: =IE9+IN9+IW9 -> 0 | JG9: =IF9+IO9+IX9 -> 0 | JH9: =IF(JI9,JI9/JG9,0) -> 0 | JI9: =IH9+IQ9+IZ9 -> 0 | JJ9: =JD9-JG9 -> 0 | JK9: =JE9-JH9 -> 0 | JL9: =JF9-JI9 -> 0 | JO9: =JM9*JN9 -> 0 | JR9: =JP9*JQ9 -> 0 | JS9: =JM9-JP9 -> 0 | JT9: =JN9-JQ9 -> 0 | JU9: =JO9-JR9 -> 0 | JX9: =JV9*JW9 -> 0 | KA9: =JY9*JZ9 -> 0 | KB9: =JV9-JY9 -> 0 | KC9: =JW9-JZ9 -> 0 | KD9: =JX9-KA9 -> 0 | KG9: =KE9*KF9 -> 0 | KJ9: =KH9*KI9 -> 0 | KK9: =KE9-KH9 -> 0 | KL9: =KF9-KI9 -> 0 | KM9: =KG9-KJ9 -> 0 | KN9: =JM9+JV9+KE9 -> 0 | KO9: =IF(KP9,KP9/KN9,0) -> 0 | KP9: =JO9+JX9+KG9 -> 0 | KQ9: =JP9+JY9+KH9 -> 0 | KR9: =IF(KS9,KS9/KQ9,0) -> 0 | KS9: =JR9+KA9+KJ9 -> 0 | KT9: =KN9-KQ9 -> 0 | KU9: =KO9-KR9 -> 0 | KV9: =KP9-KS9 -> 0 | KW9: =GJ9+HT9+JD9+KN9 -> 0 | KX9: =IF(KY9,KY9/KW9,0) -> 0 | KY9: =GL9+HV9+JF9+KP9 -> 0 | KZ9: =GM9+HW9+JG9+KQ9 -> 0 | LA9: =IF(LB9,LB9/KZ9,0) -> 0 | LB9: =GO9+HY9+JI9+KS9 -> 0 | LC9: =KW9-KZ9 -> 0 | LD9: =KX9-LA9 -> 0 | LE9: =KY9-LB9 -> 0
E10: MTV | I10: =G10*H10 -> 0 | L10: =J10*K10 -> 0 | M10: =G10-J10 -> 0 | N10: =H10-K10 -> 0 | O10: =I10-L10 -> 0 | R10: =P10*Q10 -> 0 | U10: =S10*T10 -> 0 | V10: =P10-S10 -> 0 | W10: =Q10-T10 -> 0 | X10: =R10-U10 -> 0 | AA10: =Y10*Z10 -> 0 | AD10: =AB10*AC10 -> 0 | AE10: =Y10-AB10 -> 0 | AF10: =Z10-AC10 -> 0 | AG10: =AA10-AD10 -> 0 | AH10: =G10+P10+Y10 -> 0 | AI10: =IF(AJ10,AJ10/AH10,0) -> 0 | AJ10: =I10+R10+AA10 -> 0 | AK10: =J10+S10+AB10 -> 0 | AL10: =IF(AM10,AM10/AK10,0) -> 0 | AM10: =L10+U10+AD10 -> 0 | AN10: =AH10-AK10 -> 0 | AO10: =AI10-AL10 -> 0 | AP10: =AJ10-AM10 -> 0 | AS10: =AQ10*AR10 -> 0 | AV10: =AT10*AU10 -> 0 | AW10: =AQ10-AT10 -> 0 | AX10: =AR10-AU10 -> 0 | AY10: =AS10-AV10 -> 0 | BB10: =AZ10*BA10 -> 0 | BE10: =BC10*BD10 -> 0 | BF10: =AZ10-BC10 -> 0 | BG10: =BA10-BD10 -> 0 | BH10: =BB10-BE10 -> 0 | BK10: =BI10*BJ10 -> 0 | BN10: =BL10*BM10 -> 0 | BO10: =BI10-BL10 -> 0 | BP10: =BJ10-BM10 -> 0 | BQ10: =BK10-BN10 -> 0 | BR10: =AQ10+AZ10+BI10 -> 0 | BS10: =IF(BT10,BT10/BR10,0) -> 0 | BT10: =AS10+BB10+BK10 -> 0 | BU10: =AT10+BC10+BL10 -> 0 | BV10: =IF(BW10,BW10/BU10,0) -> 0 | BW10: =AV10+BE10+BN10 -> 0 | BX10: =BR10-BU10 -> 0 | BY10: =BS10-BV10 -> 0 | BZ10: =BT10-BW10 -> 0 | CC10: =CA10*CB10 -> 0 | CF10: =CD10*CE10 -> 0 | CG10: =CA10-CD10 -> 0 | CH10: =CB10-CE10 -> 0 | CI10: =CC10-CF10 -> 0 | CL10: =CJ10*CK10 -> 0 | CO10: =CM10*CN10 -> 0 | CP10: =CJ10-CM10 -> 0 | CQ10: =CK10-CN10 -> 0 | CR10: =CL10-CO10 -> 0 | CU10: =CS10*CT10 -> 0 | CX10: =CV10*CW10 -> 0 | CY10: =CS10-CV10 -> 0 | CZ10: =CT10-CW10 -> 0 | DA10: =CU10-CX10 -> 0 | DB10: =CA10+CJ10+CS10 -> 0 | DC10: =IF(DD10,DD10/DB10,0) -> 0 | DD10: =CC10+CL10+CU10 -> 0 | DE10: =CD10+CM10+CV10 -> 0 | DF10: =IF(DG10,DG10/DE10,0) -> 0 | DG10: =CF10+CO10+CX10 -> 0 | DH10: =DB10-DE10 -> 0 | DI10: =DC10-DF10 -> 0 | DJ10: =DD10-DG10 -> 0 | DM10: =DK10*DL10 -> 0 | DP10: =DN10*DO10 -> 0 | DQ10: =DK10-DN10 -> 0 | DR10: =DL10-DO10 -> 0 | DS10: =DM10-DP10 -> 0 | DV10: =DT10*DU10 -> 0 | DY10: =DW10*DX10 -> 0 | DZ10: =DT10-DW10 -> 0 | EA10: =DU10-DX10 -> 0 | EB10: =DV10-DY10 -> 0 | EE10: =EC10*ED10 -> 0 | EH10: =EF10*EG10 -> 0 | EI10: =EC10-EF10 -> 0 | EJ10: =ED10-EG10 -> 0 | EK10: =EE10-EH10 -> 0 | EL10: =DK10+DT10+EC10 -> 0 | EM10: =IF(EN10,EN10/EL10,0) -> 0 | EN10: =DM10+DV10+EE10 -> 0 | EO10: =DN10+DW10+EF10 -> 0 | EP10: =IF(EQ10,EQ10/EO10,0) -> 0 | EQ10: =DP10+DY10+EH10 -> 0 | ER10: =EL10-EO10 -> 0 | ES10: =EM10-EP10 -> 0 | ET10: =EN10-EQ10 -> 0 | EU10: =AH10+BR10+DB10+EL10 -> 0 | EV10: =IF(EW10,EW10/EU10,0) -> 0 | EW10: =AJ10+BT10+DD10+EN10 -> 0 | EX10: =AK10+BU10+DE10+EO10 -> 0 | EY10: =IF(EZ10,EZ10/EX10,0) -> 0 | EZ10: =AM10+BW10+DG10+EQ10 -> 0 | FA10: =EU10-EX10 -> 0 | FB10: =EV10-EY10 -> 0 | FC10: =EW10-EZ10 -> 0 | FK10: =FI10*FJ10 -> 0 | FN10: =FL10*FM10 -> 0 | FO10: =FI10-FL10 -> 0 | FP10: =FJ10-FM10 -> 0 | FQ10: =FK10-FN10 -> 0 | FT10: =FR10*FS10 -> 0 | FW10: =FU10*FV10 -> 0 | FX10: =FR10-FU10 -> 0 | FY10: =FS10-FV10 -> 0 | FZ10: =FT10-FW10 -> 0 | GC10: =GA10*GB10 -> 0 | GF10: =GD10*GE10 -> 0 | GG10: =GA10-GD10 -> 0 | GH10: =GB10-GE10 -> 0 | GI10: =GC10-GF10 -> 0 | GJ10: =FI10+FR10+GA10 -> 0 | GK10: =IF(GL10,GL10/GJ10,0) -> 0 | GL10: =FK10+FT10+GC10 -> 0 | GM10: =FL10+FU10+GD10 -> 0 | GN10: =IF(GO10,GO10/GM10,0) -> 0 | GO10: =FN10+FW10+GF10 -> 0 | GP10: =GJ10-GM10 -> 0 | GQ10: =GK10-GN10 -> 0 | GR10: =GL10-GO10 -> 0 | GU10: =GS10*GT10 -> 0 | GX10: =GV10*GW10 -> 0 | GY10: =GS10-GV10 -> 0 | GZ10: =GT10-GW10 -> 0 | HA10: =GU10-GX10 -> 0 | HD10: =HB10*HC10 -> 0 | HG10: =HE10*HF10 -> 0 | HH10: =HB10-HE10 -> 0 | HI10: =HC10-HF10 -> 0 | HJ10: =HD10-HG10 -> 0 | HM10: =HK10*HL10 -> 0 | HP10: =HN10*HO10 -> 0 | HQ10: =HK10-HN10 -> 0 | HR10: =HL10-HO10 -> 0 | HS10: =HM10-HP10 -> 0 | HT10: =GS10+HB10+HK10 -> 0 | HU10: =IF(HV10,HV10/HT10,0) -> 0 | HV10: =GU10+HD10+HM10 -> 0 | HW10: =GV10+HE10+HN10 -> 0 | HX10: =IF(HY10,HY10/HW10,0) -> 0 | HY10: =GX10+HG10+HP10 -> 0 | HZ10: =HT10-HW10 -> 0 | IA10: =HU10-HX10 -> 0 | IB10: =HV10-HY10 -> 0 | IE10: =IC10*ID10 -> 0 | IH10: =IF10*IG10 -> 0 | II10: =IC10-IF10 -> 0 | IJ10: =ID10-IG10 -> 0 | IK10: =IE10-IH10 -> 0 | IN10: =IL10*IM10 -> 0 | IQ10: =IO10*IP10 -> 0 | IR10: =IL10-IO10 -> 0 | IS10: =IM10-IP10 -> 0 | IT10: =IN10-IQ10 -> 0 | IW10: =IU10*IV10 -> 0 | IZ10: =IX10*IY10 -> 0 | JA10: =IU10-IX10 -> 0 | JB10: =IV10-IY10 -> 0 | JC10: =IW10-IZ10 -> 0 | JD10: =IC10+IL10+IU10 -> 0 | JE10: =IF(JF10,JF10/JD10,0) -> 0 | JF10: =IE10+IN10+IW10 -> 0 | JG10: =IF10+IO10+IX10 -> 0 | JH10: =IF(JI10,JI10/JG10,0) -> 0 | JI10: =IH10+IQ10+IZ10 -> 0 | JJ10: =JD10-JG10 -> 0 | JK10: =JE10-JH10 -> 0 | JL10: =JF10-JI10 -> 0 | JO10: =JM10*JN10 -> 0 | JR10: =JP10*JQ10 -> 0 | JS10: =JM10-JP10 -> 0 | JT10: =JN10-JQ10 -> 0 | JU10: =JO10-JR10 -> 0 | JX10: =JV10*JW10 -> 0 | KA10: =JY10*JZ10 -> 0 | KB10: =JV10-JY10 -> 0 | KC10: =JW10-JZ10 -> 0 | KD10: =JX10-KA10 -> 0 | KG10: =KE10*KF10 -> 0 | KJ10: =KH10*KI10 -> 0 | KK10: =KE10-KH10 -> 0 | KL10: =KF10-KI10 -> 0 | KM10: =KG10-KJ10 -> 0 | KN10: =JM10+JV10+KE10 -> 0 | KO10: =IF(KP10,KP10/KN10,0) -> 0 | KP10: =JO10+JX10+KG10 -> 0 | KQ10: =JP10+JY10+KH10 -> 0 | KR10: =IF(KS10,KS10/KQ10,0) -> 0 | KS10: =JR10+KA10+KJ10 -> 0 | KT10: =KN10-KQ10 -> 0 | KU10: =KO10-KR10 -> 0 | KV10: =KP10-KS10 -> 0 | KW10: =GJ10+HT10+JD10+KN10 -> 0 | KX10: =IF(KY10,KY10/KW10,0) -> 0 | KY10: =GL10+HV10+JF10+KP10 -> 0 | KZ10: =GM10+HW10+JG10+KQ10 -> 0 | LA10: =IF(LB10,LB10/KZ10,0) -> 0 | LB10: =GO10+HY10+JI10+KS10 -> 0 | LC10: =KW10-KZ10 -> 0 | LD10: =KX10-LA10 -> 0 | LE10: =KY10-LB10 -> 0
E11: MTV | I11: =G11*H11 -> 0 | L11: =J11*K11 -> 0 | M11: =G11-J11 -> 0 | N11: =H11-K11 -> 0 | O11: =I11-L11 -> 0 | R11: =P11*Q11 -> 0 | U11: =S11*T11 -> 0 | V11: =P11-S11 -> 0 | W11: =Q11-T11 -> 0 | X11: =R11-U11 -> 0 | AA11: =Y11*Z11 -> 0 | AD11: =AB11*AC11 -> 0 | AE11: =Y11-AB11 -> 0 | AF11: =Z11-AC11 -> 0 | AG11: =AA11-AD11 -> 0 | AH11: =G11+P11+Y11 -> 0 | AI11: =IF(AJ11,AJ11/AH11,0) -> 0 | AJ11: =I11+R11+AA11 -> 0 | AK11: =J11+S11+AB11 -> 0 | AL11: =IF(AM11,AM11/AK11,0) -> 0 | AM11: =L11+U11+AD11 -> 0 | AN11: =AH11-AK11 -> 0 | AO11: =AI11-AL11 -> 0 | AP11: =AJ11-AM11 -> 0 | AS11: =AQ11*AR11 -> 0 | AV11: =AT11*AU11 -> 0 | AW11: =AQ11-AT11 -> 0 | AX11: =AR11-AU11 -> 0 | AY11: =AS11-AV11 -> 0 | BB11: =AZ11*BA11 -> 0 | BE11: =BC11*BD11 -> 0 | BF11: =AZ11-BC11 -> 0 | BG11: =BA11-BD11 -> 0 | BH11: =BB11-BE11 -> 0 | BK11: =BI11*BJ11 -> 0 | BN11: =BL11*BM11 -> 0 | BO11: =BI11-BL11 -> 0 | BP11: =BJ11-BM11 -> 0 | BQ11: =BK11-BN11 -> 0 | BR11: =AQ11+AZ11+BI11 -> 0 | BS11: =IF(BT11,BT11/BR11,0) -> 0 | BT11: =AS11+BB11+BK11 -> 0 | BU11: =AT11+BC11+BL11 -> 0 | BV11: =IF(BW11,BW11/BU11,0) -> 0 | BW11: =AV11+BE11+BN11 -> 0 | BX11: =BR11-BU11 -> 0 | BY11: =BS11-BV11 -> 0 | BZ11: =BT11-BW11 -> 0 | CC11: =CA11*CB11 -> 0 | CF11: =CD11*CE11 -> 0 | CG11: =CA11-CD11 -> 0 | CH11: =CB11-CE11 -> 0 | CI11: =CC11-CF11 -> 0 | CL11: =CJ11*CK11 -> 0 | CO11: =CM11*CN11 -> 0 | CP11: =CJ11-CM11 -> 0 | CQ11: =CK11-CN11 -> 0 | CR11: =CL11-CO11 -> 0 | CU11: =CS11*CT11 -> 0 | CX11: =CV11*CW11 -> 0 | CY11: =CS11-CV11 -> 0 | CZ11: =CT11-CW11 -> 0 | DA11: =CU11-CX11 -> 0 | DB11: =CA11+CJ11+CS11 -> 0 | DC11: =IF(DD11,DD11/DB11,0) -> 0 | DD11: =CC11+CL11+CU11 -> 0 | DE11: =CD11+CM11+CV11 -> 0 | DF11: =IF(DG11,DG11/DE11,0) -> 0 | DG11: =CF11+CO11+CX11 -> 0 | DH11: =DB11-DE11 -> 0 | DI11: =DC11-DF11 -> 0 | DJ11: =DD11-DG11 -> 0 | DM11: =DK11*DL11 -> 0 | DP11: =DN11*DO11 -> 0 | DQ11: =DK11-DN11 -> 0 | DR11: =DL11-DO11 -> 0 | DS11: =DM11-DP11 -> 0 | DV11: =DT11*DU11 -> 0 | DY11: =DW11*DX11 -> 0 | DZ11: =DT11-DW11 -> 0 | EA11: =DU11-DX11 -> 0 | EB11: =DV11-DY11 -> 0 | EE11: =EC11*ED11 -> 0 | EH11: =EF11*EG11 -> 0 | EI11: =EC11-EF11 -> 0 | EJ11: =ED11-EG11 -> 0 | EK11: =EE11-EH11 -> 0 | EL11: =DK11+DT11+EC11 -> 0 | EM11: =IF(EN11,EN11/EL11,0) -> 0 | EN11: =DM11+DV11+EE11 -> 0 | EO11: =DN11+DW11+EF11 -> 0 | EP11: =IF(EQ11,EQ11/EO11,0) -> 0 | EQ11: =DP11+DY11+EH11 -> 0 | ER11: =EL11-EO11 -> 0 | ES11: =EM11-EP11 -> 0 | ET11: =EN11-EQ11 -> 0 | EU11: =AH11+BR11+DB11+EL11 -> 0 | EV11: =IF(EW11,EW11/EU11,0) -> 0 | EW11: =AJ11+BT11+DD11+EN11 -> 0 | EX11: =AK11+BU11+DE11+EO11 -> 0 | EY11: =IF(EZ11,EZ11/EX11,0) -> 0 | EZ11: =AM11+BW11+DG11+EQ11 -> 0 | FA11: =EU11-EX11 -> 0 | FB11: =EV11-EY11 -> 0 | FC11: =EW11-EZ11 -> 0 | FK11: =FI11*FJ11 -> 0 | FN11: =FL11*FM11 -> 0 | FO11: =FI11-FL11 -> 0 | FP11: =FJ11-FM11 -> 0 | FQ11: =FK11-FN11 -> 0 | FT11: =FR11*FS11 -> 0 | FW11: =FU11*FV11 -> 0 | FX11: =FR11-FU11 -> 0 | FY11: =FS11-FV11 -> 0 | FZ11: =FT11-FW11 -> 0 | GC11: =GA11*GB11 -> 0 | GF11: =GD11*GE11 -> 0 | GG11: =GA11-GD11 -> 0 | GH11: =GB11-GE11 -> 0 | GI11: =GC11-GF11 -> 0 | GJ11: =FI11+FR11+GA11 -> 0 | GK11: =IF(GL11,GL11/GJ11,0) -> 0 | GL11: =FK11+FT11+GC11 -> 0 | GM11: =FL11+FU11+GD11 -> 0 | GN11: =IF(GO11,GO11/GM11,0) -> 0 | GO11: =FN11+FW11+GF11 -> 0 | GP11: =GJ11-GM11 -> 0 | GQ11: =GK11-GN11 -> 0 | GR11: =GL11-GO11 -> 0 | GU11: =GS11*GT11 -> 0 | GX11: =GV11*GW11 -> 0 | GY11: =GS11-GV11 -> 0 | GZ11: =GT11-GW11 -> 0 | HA11: =GU11-GX11 -> 0 | HD11: =HB11*HC11 -> 0 | HG11: =HE11*HF11 -> 0 | HH11: =HB11-HE11 -> 0 | HI11: =HC11-HF11 -> 0 | HJ11: =HD11-HG11 -> 0 | HM11: =HK11*HL11 -> 0 | HP11: =HN11*HO11 -> 0 | HQ11: =HK11-HN11 -> 0 | HR11: =HL11-HO11 -> 0 | HS11: =HM11-HP11 -> 0 | HT11: =GS11+HB11+HK11 -> 0 | HU11: =IF(HV11,HV11/HT11,0) -> 0 | HV11: =GU11+HD11+HM11 -> 0 | HW11: =GV11+HE11+HN11 -> 0 | HX11: =IF(HY11,HY11/HW11,0) -> 0 | HY11: =GX11+HG11+HP11 -> 0 | HZ11: =HT11-HW11 -> 0 | IA11: =HU11-HX11 -> 0 | IB11: =HV11-HY11 -> 0 | IE11: =IC11*ID11 -> 0 | IH11: =IF11*IG11 -> 0 | II11: =IC11-IF11 -> 0 | IJ11: =ID11-IG11 -> 0 | IK11: =IE11-IH11 -> 0 | IN11: =IL11*IM11 -> 0 | IQ11: =IO11*IP11 -> 0 | IR11: =IL11-IO11 -> 0 | IS11: =IM11-IP11 -> 0 | IT11: =IN11-IQ11 -> 0 | IW11: =IU11*IV11 -> 0 | IZ11: =IX11*IY11 -> 0 | JA11: =IU11-IX11 -> 0 | JB11: =IV11-IY11 -> 0 | JC11: =IW11-IZ11 -> 0 | JD11: =IC11+IL11+IU11 -> 0 | JE11: =IF(JF11,JF11/JD11,0) -> 0 | JF11: =IE11+IN11+IW11 -> 0 | JG11: =IF11+IO11+IX11 -> 0 | JH11: =IF(JI11,JI11/JG11,0) -> 0 | JI11: =IH11+IQ11+IZ11 -> 0 | JJ11: =JD11-JG11 -> 0 | JK11: =JE11-JH11 -> 0 | JL11: =JF11-JI11 -> 0 | JO11: =JM11*JN11 -> 0 | JR11: =JP11*JQ11 -> 0 | JS11: =JM11-JP11 -> 0 | JT11: =JN11-JQ11 -> 0 | JU11: =JO11-JR11 -> 0 | JX11: =JV11*JW11 -> 0 | KA11: =JY11*JZ11 -> 0 | KB11: =JV11-JY11 -> 0 | KC11: =JW11-JZ11 -> 0 | KD11: =JX11-KA11 -> 0 | KG11: =KE11*KF11 -> 0 | KJ11: =KH11*KI11 -> 0 | KK11: =KE11-KH11 -> 0 | KL11: =KF11-KI11 -> 0 | KM11: =KG11-KJ11 -> 0 | KN11: =JM11+JV11+KE11 -> 0 | KO11: =IF(KP11,KP11/KN11,0) -> 0 | KP11: =JO11+JX11+KG11 -> 0 | KQ11: =JP11+JY11+KH11 -> 0 | KR11: =IF(KS11,KS11/KQ11,0) -> 0 | KS11: =JR11+KA11+KJ11 -> 0 | KT11: =KN11-KQ11 -> 0 | KU11: =KO11-KR11 -> 0 | KV11: =KP11-KS11 -> 0 | KW11: =GJ11+HT11+JD11+KN11 -> 0 | KX11: =IF(KY11,KY11/KW11,0) -> 0 | KY11: =GL11+HV11+JF11+KP11 -> 0 | KZ11: =GM11+HW11+JG11+KQ11 -> 0 | LA11: =IF(LB11,LB11/KZ11,0) -> 0 | LB11: =GO11+HY11+JI11+KS11 -> 0 | LC11: =KW11-KZ11 -> 0 | LD11: =KX11-LA11 -> 0 | LE11: =KY11-LB11 -> 0
E12: MTV | I12: =G12*H12 -> 0 | L12: =J12*K12 -> 0 | M12: =G12-J12 -> 0 | N12: =H12-K12 -> 0 | O12: =I12-L12 -> 0 | R12: =P12*Q12 -> 0 | U12: =S12*T12 -> 0 | V12: =P12-S12 -> 0 | W12: =Q12-T12 -> 0 | X12: =R12-U12 -> 0 | AA12: =Y12*Z12 -> 0 | AD12: =AB12*AC12 -> 0 | AE12: =Y12-AB12 -> 0 | AF12: =Z12-AC12 -> 0 | AG12: =AA12-AD12 -> 0 | AH12: =G12+P12+Y12 -> 0 | AI12: =IF(AJ12,AJ12/AH12,0) -> 0 | AJ12: =I12+R12+AA12 -> 0 | AK12: =J12+S12+AB12 -> 0 | AL12: =IF(AM12,AM12/AK12,0) -> 0 | AM12: =L12+U12+AD12 -> 0 | AN12: =AH12-AK12 -> 0 | AO12: =AI12-AL12 -> 0 | AP12: =AJ12-AM12 -> 0 | AS12: =AQ12*AR12 -> 0 | AV12: =AT12*AU12 -> 0 | AW12: =AQ12-AT12 -> 0 | AX12: =AR12-AU12 -> 0 | AY12: =AS12-AV12 -> 0 | BB12: =AZ12*BA12 -> 0 | BE12: =BC12*BD12 -> 0 | BF12: =AZ12-BC12 -> 0 | BG12: =BA12-BD12 -> 0 | BH12: =BB12-BE12 -> 0 | BK12: =BI12*BJ12 -> 0 | BN12: =BL12*BM12 -> 0 | BO12: =BI12-BL12 -> 0 | BP12: =BJ12-BM12 -> 0 | BQ12: =BK12-BN12 -> 0 | BR12: =AQ12+AZ12+BI12 -> 0 | BS12: =IF(BT12,BT12/BR12,0) -> 0 | BT12: =AS12+BB12+BK12 -> 0 | BU12: =AT12+BC12+BL12 -> 0 | BV12: =IF(BW12,BW12/BU12,0) -> 0 | BW12: =AV12+BE12+BN12 -> 0 | BX12: =BR12-BU12 -> 0 | BY12: =BS12-BV12 -> 0 | BZ12: =BT12-BW12 -> 0 | CC12: =CA12*CB12 -> 0 | CF12: =CD12*CE12 -> 0 | CG12: =CA12-CD12 -> 0 | CH12: =CB12-CE12 -> 0 | CI12: =CC12-CF12 -> 0 | CL12: =CJ12*CK12 -> 0 | CO12: =CM12*CN12 -> 0 | CP12: =CJ12-CM12 -> 0 | CQ12: =CK12-CN12 -> 0 | CR12: =CL12-CO12 -> 0 | CU12: =CS12*CT12 -> 0 | CX12: =CV12*CW12 -> 0 | CY12: =CS12-CV12 -> 0 | CZ12: =CT12-CW12 -> 0 | DA12: =CU12-CX12 -> 0 | DB12: =CA12+CJ12+CS12 -> 0 | DC12: =IF(DD12,DD12/DB12,0) -> 0 | DD12: =CC12+CL12+CU12 -> 0 | DE12: =CD12+CM12+CV12 -> 0 | DF12: =IF(DG12,DG12/DE12,0) -> 0 | DG12: =CF12+CO12+CX12 -> 0 | DH12: =DB12-DE12 -> 0 | DI12: =DC12-DF12 -> 0 | DJ12: =DD12-DG12 -> 0 | DM12: =DK12*DL12 -> 0 | DP12: =DN12*DO12 -> 0 | DQ12: =DK12-DN12 -> 0 | DR12: =DL12-DO12 -> 0 | DS12: =DM12-DP12 -> 0 | DV12: =DT12*DU12 -> 0 | DY12: =DW12*DX12 -> 0 | DZ12: =DT12-DW12 -> 0 | EA12: =DU12-DX12 -> 0 | EB12: =DV12-DY12 -> 0 | EE12: =EC12*ED12 -> 0 | EH12: =EF12*EG12 -> 0 | EI12: =EC12-EF12 -> 0 | EJ12: =ED12-EG12 -> 0 | EK12: =EE12-EH12 -> 0 | EL12: =DK12+DT12+EC12 -> 0 | EM12: =IF(EN12,EN12/EL12,0) -> 0 | EN12: =DM12+DV12+EE12 -> 0 | EO12: =DN12+DW12+EF12 -> 0 | EP12: =IF(EQ12,EQ12/EO12,0) -> 0 | EQ12: =DP12+DY12+EH12 -> 0 | ER12: =EL12-EO12 -> 0 | ES12: =EM12-EP12 -> 0 | ET12: =EN12-EQ12 -> 0 | EU12: =AH12+BR12+DB12+EL12 -> 0 | EV12: =IF(EW12,EW12/EU12,0) -> 0 | EW12: =AJ12+BT12+DD12+EN12 -> 0 | EX12: =AK12+BU12+DE12+EO12 -> 0 | EY12: =IF(EZ12,EZ12/EX12,0) -> 0 | EZ12: =AM12+BW12+DG12+EQ12 -> 0 | FA12: =EU12-EX12 -> 0 | FB12: =EV12-EY12 -> 0 | FC12: =EW12-EZ12 -> 0 | FK12: =FI12*FJ12 -> 0 | FN12: =FL12*FM12 -> 0 | FO12: =FI12-FL12 -> 0 | FP12: =FJ12-FM12 -> 0 | FQ12: =FK12-FN12 -> 0 | FT12: =FR12*FS12 -> 0 | FW12: =FU12*FV12 -> 0 | FX12: =FR12-FU12 -> 0 | FY12: =FS12-FV12 -> 0 | FZ12: =FT12-FW12 -> 0 | GC12: =GA12*GB12 -> 0 | GF12: =GD12*GE12 -> 0 | GG12: =GA12-GD12 -> 0 | GH12: =GB12-GE12 -> 0 | GI12: =GC12-GF12 -> 0 | GJ12: =FI12+FR12+GA12 -> 0 | GK12: =IF(GL12,GL12/GJ12,0) -> 0 | GL12: =FK12+FT12+GC12 -> 0 | GM12: =FL12+FU12+GD12 -> 0 | GN12: =IF(GO12,GO12/GM12,0) -> 0 | GO12: =FN12+FW12+GF12 -> 0 | GP12: =GJ12-GM12 -> 0 | GQ12: =GK12-GN12 -> 0 | GR12: =GL12-GO12 -> 0 | GU12: =GS12*GT12 -> 0 | GX12: =GV12*GW12 -> 0 | GY12: =GS12-GV12 -> 0 | GZ12: =GT12-GW12 -> 0 | HA12: =GU12-GX12 -> 0 | HD12: =HB12*HC12 -> 0 | HG12: =HE12*HF12 -> 0 | HH12: =HB12-HE12 -> 0 | HI12: =HC12-HF12 -> 0 | HJ12: =HD12-HG12 -> 0 | HM12: =HK12*HL12 -> 0 | HP12: =HN12*HO12 -> 0 | HQ12: =HK12-HN12 -> 0 | HR12: =HL12-HO12 -> 0 | HS12: =HM12-HP12 -> 0 | HT12: =GS12+HB12+HK12 -> 0 | HU12: =IF(HV12,HV12/HT12,0) -> 0 | HV12: =GU12+HD12+HM12 -> 0 | HW12: =GV12+HE12+HN12 -> 0 | HX12: =IF(HY12,HY12/HW12,0) -> 0 | HY12: =GX12+HG12+HP12 -> 0 | HZ12: =HT12-HW12 -> 0 | IA12: =HU12-HX12 -> 0 | IB12: =HV12-HY12 -> 0 | IE12: =IC12*ID12 -> 0 | IH12: =IF12*IG12 -> 0 | II12: =IC12-IF12 -> 0 | IJ12: =ID12-IG12 -> 0 | IK12: =IE12-IH12 -> 0 | IN12: =IL12*IM12 -> 0 | IQ12: =IO12*IP12 -> 0 | IR12: =IL12-IO12 -> 0 | IS12: =IM12-IP12 -> 0 | IT12: =IN12-IQ12 -> 0 | IW12: =IU12*IV12 -> 0 | IZ12: =IX12*IY12 -> 0 | JA12: =IU12-IX12 -> 0 | JB12: =IV12-IY12 -> 0 | JC12: =IW12-IZ12 -> 0 | JD12: =IC12+IL12+IU12 -> 0 | JE12: =IF(JF12,JF12/JD12,0) -> 0 | JF12: =IE12+IN12+IW12 -> 0 | JG12: =IF12+IO12+IX12 -> 0 | JH12: =IF(JI12,JI12/JG12,0) -> 0 | JI12: =IH12+IQ12+IZ12 -> 0 | JJ12: =JD12-JG12 -> 0 | JK12: =JE12-JH12 -> 0 | JL12: =JF12-JI12 -> 0 | JO12: =JM12*JN12 -> 0 | JR12: =JP12*JQ12 -> 0 | JS12: =JM12-JP12 -> 0 | JT12: =JN12-JQ12 -> 0 | JU12: =JO12-JR12 -> 0 | JX12: =JV12*JW12 -> 0 | KA12: =JY12*JZ12 -> 0 | KB12: =JV12-JY12 -> 0 | KC12: =JW12-JZ12 -> 0 | KD12: =JX12-KA12 -> 0 | KG12: =KE12*KF12 -> 0 | KJ12: =KH12*KI12 -> 0 | KK12: =KE12-KH12 -> 0 | KL12: =KF12-KI12 -> 0 | KM12: =KG12-KJ12 -> 0 | KN12: =JM12+JV12+KE12 -> 0 | KO12: =IF(KP12,KP12/KN12,0) -> 0 | KP12: =JO12+JX12+KG12 -> 0 | KQ12: =JP12+JY12+KH12 -> 0 | KR12: =IF(KS12,KS12/KQ12,0) -> 0 | KS12: =JR12+KA12+KJ12 -> 0 | KT12: =KN12-KQ12 -> 0 | KU12: =KO12-KR12 -> 0 | KV12: =KP12-KS12 -> 0 | KW12: =GJ12+HT12+JD12+KN12 -> 0 | KX12: =IF(KY12,KY12/KW12,0) -> 0 | KY12: =GL12+HV12+JF12+KP12 -> 0 | KZ12: =GM12+HW12+JG12+KQ12 -> 0 | LA12: =IF(LB12,LB12/KZ12,0) -> 0 | LB12: =GO12+HY12+JI12+KS12 -> 0 | LC12: =KW12-KZ12 -> 0 | LD12: =KX12-LA12 -> 0 | LE12: =KY12-LB12 -> 0
B13: MTV319AW7 Total | G13: =SUBTOTAL(9,G8:G12) -> 0 | I13: =SUBTOTAL(9,I8:I12) -> 0 | J13: =SUBTOTAL(9,J8:J12) -> 0 | L13: =SUBTOTAL(9,L8:L12) -> 0 | M13: =SUBTOTAL(9,M8:M12) -> 0 | O13: =SUBTOTAL(9,O8:O12) -> 0 | P13: =SUBTOTAL(9,P8:P12) -> 0 | R13: =SUBTOTAL(9,R8:R12) -> 0 | S13: =SUBTOTAL(9,S8:S12) -> 0 | U13: =SUBTOTAL(9,U8:U12) -> 0 | V13: =SUBTOTAL(9,V8:V12) -> 0 | X13: =SUBTOTAL(9,X8:X12) -> 0 | Y13: =SUBTOTAL(9,Y8:Y12) -> 0 | AA13: =SUBTOTAL(9,AA8:AA12) -> 0 | AB13: =SUBTOTAL(9,AB8:AB12) -> 0 | AD13: =SUBTOTAL(9,AD8:AD12) -> 0 | AE13: =SUBTOTAL(9,AE8:AE12) -> 0 | AG13: =SUBTOTAL(9,AG8:AG12) -> 0 | AH13: =SUBTOTAL(9,AH8:AH12) -> 0 | AI13: =IF(AJ13,AJ13/AH13,"") | AJ13: =SUBTOTAL(9,AJ8:AJ12) -> 0 | AK13: =SUBTOTAL(9,AK8:AK12) -> 0 | AL13: =IF(AM13,AM13/AK13,"") | AM13: =SUBTOTAL(9,AM8:AM12) -> 0 | AN13: =SUBTOTAL(9,AN8:AN12) -> 0 | AP13: =SUBTOTAL(9,AP8:AP12) -> 0 | AQ13: =SUBTOTAL(9,AQ8:AQ12) -> 0 | AS13: =SUBTOTAL(9,AS8:AS12) -> 0 | AT13: =SUBTOTAL(9,AT8:AT12) -> 0 | AV13: =SUBTOTAL(9,AV8:AV12) -> 0 | AW13: =SUBTOTAL(9,AW8:AW12) -> 0 | AY13: =SUBTOTAL(9,AY8:AY12) -> 0 | AZ13: =SUBTOTAL(9,AZ8:AZ12) -> 0 | BB13: =SUBTOTAL(9,BB8:BB12) -> 0 | BC13: =SUBTOTAL(9,BC8:BC12) -> 0 | BE13: =SUBTOTAL(9,BE8:BE12) -> 0 | BF13: =SUBTOTAL(9,BF8:BF12) -> 0 | BH13: =SUBTOTAL(9,BH8:BH12) -> 0 | BI13: =SUBTOTAL(9,BI8:BI12) -> 0 | BK13: =SUBTOTAL(9,BK8:BK12) -> 0 | BL13: =SUBTOTAL(9,BL8:BL12) -> 0 | BN13: =SUBTOTAL(9,BN8:BN12) -> 0 | BO13: =SUBTOTAL(9,BO8:BO12) -> 0 | BQ13: =SUBTOTAL(9,BQ8:BQ12) -> 0 | BR13: =SUBTOTAL(9,BR8:BR12) -> 0 | BS13: =IF(BT13,BT13/BR13,"") | BT13: =SUBTOTAL(9,BT8:BT12) -> 0 | BU13: =SUBTOTAL(9,BU8:BU12) -> 0 | BV13: =IF(BW13,BW13/BU13,"") | BW13: =SUBTOTAL(9,BW8:BW12) -> 0 | BX13: =SUBTOTAL(9,BX8:BX12) -> 0 | BZ13: =SUBTOTAL(9,BZ8:BZ12) -> 0 | CA13: =SUBTOTAL(9,CA8:CA12) -> 0 | CC13: =SUBTOTAL(9,CC8:CC12) -> 0 | CD13: =SUBTOTAL(9,CD8:CD12) -> 0 | CF13: =SUBTOTAL(9,CF8:CF12) -> 0 | CG13: =SUBTOTAL(9,CG8:CG12) -> 0 | CI13: =SUBTOTAL(9,CI8:CI12) -> 0 | CJ13: =SUBTOTAL(9,CJ8:CJ12) -> 0 | CL13: =SUBTOTAL(9,CL8:CL12) -> 0 | CM13: =SUBTOTAL(9,CM8:CM12) -> 0 | CO13: =SUBTOTAL(9,CO8:CO12) -> 0 | CP13: =SUBTOTAL(9,CP8:CP12) -> 0 | CR13: =SUBTOTAL(9,CR8:CR12) -> 0 | CS13: =SUBTOTAL(9,CS8:CS12) -> 0 | CU13: =SUBTOTAL(9,CU8:CU12) -> 0 | CV13: =SUBTOTAL(9,CV8:CV12) -> 0 | CX13: =SUBTOTAL(9,CX8:CX12) -> 0 | CY13: =SUBTOTAL(9,CY8:CY12) -> 0 | DA13: =SUBTOTAL(9,DA8:DA12) -> 0 | DB13: =SUBTOTAL(9,DB8:DB12) -> 0 | DC13: =IF(DD13,DD13/DB13,"") | DD13: =SUBTOTAL(9,DD8:DD12) -> 0 | DE13: =SUBTOTAL(9,DE8:DE12) -> 0 | DF13: =IF(DG13,DG13/DE13,"") | DG13: =SUBTOTAL(9,DG8:DG12) -> 0 | DH13: =SUBTOTAL(9,DH8:DH12) -> 0 | DJ13: =SUBTOTAL(9,DJ8:DJ12) -> 0 | DK13: =SUBTOTAL(9,DK8:DK12) -> 0 | DM13: =SUBTOTAL(9,DM8:DM12) -> 0 | DN13: =SUBTOTAL(9,DN8:DN12) -> 0 | DP13: =SUBTOTAL(9,DP8:DP12) -> 0 | DQ13: =SUBTOTAL(9,DQ8:DQ12) -> 0 | DS13: =SUBTOTAL(9,DS8:DS12) -> 0 | DT13: =SUBTOTAL(9,DT8:DT12) -> 0 | DV13: =SUBTOTAL(9,DV8:DV12) -> 0 | DW13: =SUBTOTAL(9,DW8:DW12) -> 0 | DY13: =SUBTOTAL(9,DY8:DY12) -> 0 | DZ13: =SUBTOTAL(9,DZ8:DZ12) -> 0 | EB13: =SUBTOTAL(9,EB8:EB12) -> 0 | EC13: =SUBTOTAL(9,EC8:EC12) -> 0 | EE13: =SUBTOTAL(9,EE8:EE12) -> 0 | EF13: =SUBTOTAL(9,EF8:EF12) -> 0 | EH13: =SUBTOTAL(9,EH8:EH12) -> 0 | EI13: =SUBTOTAL(9,EI8:EI12) -> 0 | EK13: =SUBTOTAL(9,EK8:EK12) -> 0 | EL13: =SUBTOTAL(9,EL8:EL12) -> 0 | EM13: =IF(EN13,EN13/EL13,"") | EN13: =SUBTOTAL(9,EN8:EN12) -> 0 | EO13: =SUBTOTAL(9,EO8:EO12) -> 0 | EP13: =IF(EQ13,EQ13/EO13,"") | EQ13: =SUBTOTAL(9,EQ8:EQ12) -> 0 | ER13: =SUBTOTAL(9,ER8:ER12) -> 0 | ET13: =SUBTOTAL(9,ET8:ET12) -> 0 | EU13: =SUBTOTAL(9,EU8:EU12) -> 0 | EV13: =IF(EW13,EW13/EU13,"") | EW13: =SUBTOTAL(9,EW8:EW12) -> 0 | EX13: =SUBTOTAL(9,EX8:EX12) -> 0 | EY13: =IF(EZ13,EZ13/EX13,"") | EZ13: =SUBTOTAL(9,EZ8:EZ12) -> 0 | FA13: =SUBTOTAL(9,FA8:FA12) -> 0 | FC13: =SUBTOTAL(9,FC8:FC12) -> 0 | FE13: MTV319AW7 Total | FI13: =SUBTOTAL(9,FI8:FI12) -> 0 | FK13: =SUBTOTAL(9,FK8:FK12) -> 0 | FL13: =SUBTOTAL(9,FL8:FL12) -> 0 | FN13: =SUBTOTAL(9,FN8:FN12) -> 0 | FO13: =SUBTOTAL(9,FO8:FO12) -> 0 | FQ13: =SUBTOTAL(9,FQ8:FQ12) -> 0 | FR13: =SUBTOTAL(9,FR8:FR12) -> 0 | FT13: =SUBTOTAL(9,FT8:FT12) -> 0 | FU13: =SUBTOTAL(9,FU8:FU12) -> 0 | FW13: =SUBTOTAL(9,FW8:FW12) -> 0 | FX13: =SUBTOTAL(9,FX8:FX12) -> 0 | FZ13: =SUBTOTAL(9,FZ8:FZ12) -> 0 | GA13: =SUBTOTAL(9,GA8:GA12) -> 0 | GC13: =SUBTOTAL(9,GC8:GC12) -> 0 | GD13: =SUBTOTAL(9,GD8:GD12) -> 0 | GF13: =SUBTOTAL(9,GF8:GF12) -> 0 | GG13: =SUBTOTAL(9,GG8:GG12) -> 0 | GI13: =SUBTOTAL(9,GI8:GI12) -> 0 | GJ13: =SUBTOTAL(9,GJ8:GJ12) -> 0 | GK13: =IF(GL13,GL13/GJ13,"") | GL13: =SUBTOTAL(9,GL8:GL12) -> 0 | GM13: =SUBTOTAL(9,GM8:GM12) -> 0 | GN13: =IF(GO13,GO13/GM13,"") | GO13: =SUBTOTAL(9,GO8:GO12) -> 0 | GP13: =SUBTOTAL(9,GP8:GP12) -> 0 | GR13: =SUBTOTAL(9,GR8:GR12) -> 0 | GS13: =SUBTOTAL(9,GS8:GS12) -> 0 | GU13: =SUBTOTAL(9,GU8:GU12) -> 0 | GV13: =SUBTOTAL(9,GV8:GV12) -> 0 | GX13: =SUBTOTAL(9,GX8:GX12) -> 0 | GY13: =SUBTOTAL(9,GY8:GY12) -> 0 | HA13: =SUBTOTAL(9,HA8:HA12) -> 0 | HB13: =SUBTOTAL(9,HB8:HB12) -> 0 | HD13: =SUBTOTAL(9,HD8:HD12) -> 0 | HE13: =SUBTOTAL(9,HE8:HE12) -> 0 | HG13: =SUBTOTAL(9,HG8:HG12) -> 0 | HH13: =SUBTOTAL(9,HH8:HH12) -> 0 | HJ13: =SUBTOTAL(9,HJ8:HJ12) -> 0 | HK13: =SUBTOTAL(9,HK8:HK12) -> 0 | HM13: =SUBTOTAL(9,HM8:HM12) -> 0 | HN13: =SUBTOTAL(9,HN8:HN12) -> 0 | HP13: =SUBTOTAL(9,HP8:HP12) -> 0 | HQ13: =SUBTOTAL(9,HQ8:HQ12) -> 0 | HS13: =SUBTOTAL(9,HS8:HS12) -> 0 | HT13: =SUBTOTAL(9,HT8:HT12) -> 0 | HU13: =IF(HV13,HV13/HT13,"") | HV13: =SUBTOTAL(9,HV8:HV12) -> 0 | HW13: =SUBTOTAL(9,HW8:HW12) -> 0 | HX13: =IF(HY13,HY13/HW13,"") | HY13: =SUBTOTAL(9,HY8:HY12) -> 0 | HZ13: =SUBTOTAL(9,HZ8:HZ12) -> 0 | IB13: =SUBTOTAL(9,IB8:IB12) -> 0 | IC13: =SUBTOTAL(9,IC8:IC12) -> 0 | IE13: =SUBTOTAL(9,IE8:IE12) -> 0 | IF13: =SUBTOTAL(9,IF8:IF12) -> 0 | IH13: =SUBTOTAL(9,IH8:IH12) -> 0 | II13: =SUBTOTAL(9,II8:II12) -> 0 | IK13: =SUBTOTAL(9,IK8:IK12) -> 0 | IL13: =SUBTOTAL(9,IL8:IL12) -> 0 | IN13: =SUBTOTAL(9,IN8:IN12) -> 0 | IO13: =SUBTOTAL(9,IO8:IO12) -> 0 | IQ13: =SUBTOTAL(9,IQ8:IQ12) -> 0 | IR13: =SUBTOTAL(9,IR8:IR12) -> 0 | IT13: =SUBTOTAL(9,IT8:IT12) -> 0 | IU13: =SUBTOTAL(9,IU8:IU12) -> 0 | IW13: =SUBTOTAL(9,IW8:IW12) -> 0 | IX13: =SUBTOTAL(9,IX8:IX12) -> 0 | IZ13: =SUBTOTAL(9,IZ8:IZ12) -> 0 | JA13: =SUBTOTAL(9,JA8:JA12) -> 0 | JC13: =SUBTOTAL(9,JC8:JC12) -> 0 | JD13: =SUBTOTAL(9,JD8:JD12) -> 0 | JE13: =IF(JF13,JF13/JD13,"") | JF13: =SUBTOTAL(9,JF8:JF12) -> 0 | JG13: =SUBTOTAL(9,JG8:JG12) -> 0 | JH13: =IF(JI13,JI13/JG13,"") | JI13: =SUBTOTAL(9,JI8:JI12) -> 0 | JJ13: =SUBTOTAL(9,JJ8:JJ12) -> 0 | JL13: =SUBTOTAL(9,JL8:JL12) -> 0 | JM13: =SUBTOTAL(9,JM8:JM12) -> 0 | JO13: =SUBTOTAL(9,JO8:JO12) -> 0 | JP13: =SUBTOTAL(9,JP8:JP12) -> 0 | JR13: =SUBTOTAL(9,JR8:JR12) -> 0 | JS13: =SUBTOTAL(9,JS8:JS12) -> 0 | JU13: =SUBTOTAL(9,JU8:JU12) -> 0 | JV13: =SUBTOTAL(9,JV8:JV12) -> 0 | JX13: =SUBTOTAL(9,JX8:JX12) -> 0 | JY13: =SUBTOTAL(9,JY8:JY12) -> 0 | KA13: =SUBTOTAL(9,KA8:KA12) -> 0 | KB13: =SUBTOTAL(9,KB8:KB12) -> 0 | KD13: =SUBTOTAL(9,KD8:KD12) -> 0 | KE13: =SUBTOTAL(9,KE8:KE12) -> 0 | KG13: =SUBTOTAL(9,KG8:KG12) -> 0 | KH13: =SUBTOTAL(9,KH8:KH12) -> 0 | KJ13: =SUBTOTAL(9,KJ8:KJ12) -> 0 | KK13: =SUBTOTAL(9,KK8:KK12) -> 0 | KM13: =SUBTOTAL(9,KM8:KM12) -> 0 | KN13: =SUBTOTAL(9,KN8:KN12) -> 0 | KO13: =IF(KP13,KP13/KN13,"") | KP13: =SUBTOTAL(9,KP8:KP12) -> 0 | KQ13: =SUBTOTAL(9,KQ8:KQ12) -> 0 | KR13: =IF(KS13,KS13/KQ13,"") | KS13: =SUBTOTAL(9,KS8:KS12) -> 0 | KT13: =SUBTOTAL(9,KT8:KT12) -> 0 | KV13: =SUBTOTAL(9,KV8:KV12) -> 0 | KW13: =SUBTOTAL(9,KW8:KW12) -> 0 | KX13: =IF(KY13,KY13/KW13,"") | KY13: =SUBTOTAL(9,KY8:KY12) -> 0 | KZ13: =SUBTOTAL(9,KZ8:KZ12) -> 0 | LA13: =IF(LB13,LB13/KZ13,"") | LB13: =SUBTOTAL(9,LB8:LB12) -> 0 | LC13: =SUBTOTAL(9,LC8:LC12) -> 0 | LE13: =SUBTOTAL(9,LE8:LE12) -> 0
B14: NXB111 | C14: NEXELL | E14: MTV | F14: K | I14: =G14*H14 -> 0 | L14: =J14*K14 -> 0 | M14: =G14-J14 -> 0 | N14: =H14-K14 -> 0 | O14: =I14-L14 -> 0 | R14: =P14*Q14 -> 0 | U14: =S14*T14 -> 0 | V14: =P14-S14 -> 0 | W14: =Q14-T14 -> 0 | X14: =R14-U14 -> 0 | AA14: =Y14*Z14 -> 0 | AD14: =AB14*AC14 -> 0 | AE14: =Y14-AB14 -> 0 | AF14: =Z14-AC14 -> 0 | AG14: =AA14-AD14 -> 0 | AH14: =G14+P14+Y14 -> 0 | AI14: =IF(AJ14,AJ14/AH14,0) -> 0 | AJ14: =I14+R14+AA14 -> 0 | AK14: =J14+S14+AB14 -> 0 | AL14: =IF(AM14,AM14/AK14,0) -> 0 | AM14: =L14+U14+AD14 -> 0 | AN14: =AH14-AK14 -> 0 | AO14: =AI14-AL14 -> 0 | AP14: =AJ14-AM14 -> 0 | AS14: =AQ14*AR14 -> 0 | AV14: =AT14*AU14 -> 0 | AW14: =AQ14-AT14 -> 0 | AX14: =AR14-AU14 -> 0 | AY14: =AS14-AV14 -> 0 | BB14: =AZ14*BA14 -> 0 | BE14: =BC14*BD14 -> 0 | BF14: =AZ14-BC14 -> 0 | BG14: =BA14-BD14 -> 0 | BH14: =BB14-BE14 -> 0 | BK14: =BI14*BJ14 -> 0 | BN14: =BL14*BM14 -> 0 | BO14: =BI14-BL14 -> 0 | BP14: =BJ14-BM14 -> 0 | BQ14: =BK14-BN14 -> 0 | BR14: =AQ14+AZ14+BI14 -> 0 | BS14: =IF(BT14,BT14/BR14,0) -> 0 | BT14: =AS14+BB14+BK14 -> 0 | BU14: =AT14+BC14+BL14 -> 0 | BV14: =IF(BW14,BW14/BU14,0) -> 0 | BW14: =AV14+BE14+BN14 -> 0 | BX14: =BR14-BU14 -> 0 | BY14: =BS14-BV14 -> 0 | BZ14: =BT14-BW14 -> 0 | CC14: =CA14*CB14 -> 0 | CF14: =CD14*CE14 -> 0 | CG14: =CA14-CD14 -> 0 | CH14: =CB14-CE14 -> 0 | CI14: =CC14-CF14 -> 0 | CL14: =CJ14*CK14 -> 0 | CO14: =CM14*CN14 -> 0 | CP14: =CJ14-CM14 -> 0 | CQ14: =CK14-CN14 -> 0 | CR14: =CL14-CO14 -> 0 | CU14: =CS14*CT14 -> 0 | CX14: =CV14*CW14 -> 0 | CY14: =CS14-CV14 -> 0 | CZ14: =CT14-CW14 -> 0 | DA14: =CU14-CX14 -> 0 | DB14: =CA14+CJ14+CS14 -> 0 | DC14: =IF(DD14,DD14/DB14,0) -> 0 | DD14: =CC14+CL14+CU14 -> 0 | DE14: =CD14+CM14+CV14 -> 0 | DF14: =IF(DG14,DG14/DE14,0) -> 0 | DG14: =CF14+CO14+CX14 -> 0 | DH14: =DB14-DE14 -> 0 | DI14: =DC14-DF14 -> 0 | DJ14: =DD14-DG14 -> 0 | DM14: =DK14*DL14 -> 0 | DP14: =DN14*DO14 -> 0 | DQ14: =DK14-DN14 -> 0 | DR14: =DL14-DO14 -> 0 | DS14: =DM14-DP14 -> 0 | DV14: =DT14*DU14 -> 0 | DY14: =DW14*DX14 -> 0 | DZ14: =DT14-DW14 -> 0 | EA14: =DU14-DX14 -> 0 | EB14: =DV14-DY14 -> 0 | EE14: =EC14*ED14 -> 0 | EH14: =EF14*EG14 -> 0 | EI14: =EC14-EF14 -> 0 | EJ14: =ED14-EG14 -> 0 | EK14: =EE14-EH14 -> 0 | EL14: =DK14+DT14+EC14 -> 0 | EM14: =IF(EN14,EN14/EL14,0) -> 0 | EN14: =DM14+DV14+EE14 -> 0 | EO14: =DN14+DW14+EF14 -> 0 | EP14: =IF(EQ14,EQ14/EO14,0) -> 0 | EQ14: =DP14+DY14+EH14 -> 0 | ER14: =EL14-EO14 -> 0 | ES14: =EM14-EP14 -> 0 | ET14: =EN14-EQ14 -> 0 | EU14: =AH14+BR14+DB14+EL14 -> 0 | EV14: =IF(EW14,EW14/EU14,0) -> 0 | EW14: =AJ14+BT14+DD14+EN14 -> 0 | EX14: =AK14+BU14+DE14+EO14 -> 0 | EY14: =IF(EZ14,EZ14/EX14,0) -> 0 | EZ14: =AM14+BW14+DG14+EQ14 -> 0 | FA14: =EU14-EX14 -> 0 | FB14: =EV14-EY14 -> 0 | FC14: =EW14-EZ14 -> 0 | FE14: NXB111 | FF14: NEXELL | FH14: K | FK14: =FI14*FJ14 -> 0 | FN14: =FL14*FM14 -> 0 | FO14: =FI14-FL14 -> 0 | FP14: =FJ14-FM14 -> 0 | FQ14: =FK14-FN14 -> 0 | FT14: =FR14*FS14 -> 0 | FW14: =FU14*FV14 -> 0 | FX14: =FR14-FU14 -> 0 | FY14: =FS14-FV14 -> 0 | FZ14: =FT14-FW14 -> 0 | GC14: =GA14*GB14 -> 0 | GF14: =GD14*GE14 -> 0 | GG14: =GA14-GD14 -> 0 | GH14: =GB14-GE14 -> 0 | GI14: =GC14-GF14 -> 0 | GJ14: =FI14+FR14+GA14 -> 0 | GK14: =IF(GL14,GL14/GJ14,0) -> 0 | GL14: =FK14+FT14+GC14 -> 0 | GM14: =FL14+FU14+GD14 -> 0 | GN14: =IF(GO14,GO14/GM14,0) -> 0 | GO14: =FN14+FW14+GF14 -> 0 | GP14: =GJ14-GM14 -> 0 | GQ14: =GK14-GN14 -> 0 | GR14: =GL14-GO14 -> 0 | GU14: =GS14*GT14 -> 0 | GX14: =GV14*GW14 -> 0 | GY14: =GS14-GV14 -> 0 | GZ14: =GT14-GW14 -> 0 | HA14: =GU14-GX14 -> 0 | HD14: =HB14*HC14 -> 0 | HG14: =HE14*HF14 -> 0 | HH14: =HB14-HE14 -> 0 | HI14: =HC14-HF14 -> 0 | HJ14: =HD14-HG14 -> 0 | HM14: =HK14*HL14 -> 0 | HP14: =HN14*HO14 -> 0 | HQ14: =HK14-HN14 -> 0 | HR14: =HL14-HO14 -> 0 | HS14: =HM14-HP14 -> 0 | HT14: =GS14+HB14+HK14 -> 0 | HU14: =IF(HV14,HV14/HT14,0) -> 0 | HV14: =GU14+HD14+HM14 -> 0 | HW14: =GV14+HE14+HN14 -> 0 | HX14: =IF(HY14,HY14/HW14,0) -> 0 | HY14: =GX14+HG14+HP14 -> 0 | HZ14: =HT14-HW14 -> 0 | IA14: =HU14-HX14 -> 0 | IB14: =HV14-HY14 -> 0 | IE14: =IC14*ID14 -> 0 | IH14: =IF14*IG14 -> 0 | II14: =IC14-IF14 -> 0 | IJ14: =ID14-IG14 -> 0 | IK14: =IE14-IH14 -> 0 | IN14: =IL14*IM14 -> 0 | IQ14: =IO14*IP14 -> 0 | IR14: =IL14-IO14 -> 0 | IS14: =IM14-IP14 -> 0 | IT14: =IN14-IQ14 -> 0 | IW14: =IU14*IV14 -> 0 | IZ14: =IX14*IY14 -> 0 | JA14: =IU14-IX14 -> 0 | JB14: =IV14-IY14 -> 0 | JC14: =IW14-IZ14 -> 0 | JD14: =IC14+IL14+IU14 -> 0 | JE14: =IF(JF14,JF14/JD14,0) -> 0 | JF14: =IE14+IN14+IW14 -> 0 | JG14: =IF14+IO14+IX14 -> 0 | JH14: =IF(JI14,JI14/JG14,0) -> 0 | JI14: =IH14+IQ14+IZ14 -> 0 | JJ14: =JD14-JG14 -> 0 | JK14: =JE14-JH14 -> 0 | JL14: =JF14-JI14 -> 0 | JO14: =JM14*JN14 -> 0 | JR14: =JP14*JQ14 -> 0 | JS14: =JM14-JP14 -> 0 | JT14: =JN14-JQ14 -> 0 | JU14: =JO14-JR14 -> 0 | JX14: =JV14*JW14 -> 0 | KA14: =JY14*JZ14 -> 0 | KB14: =JV14-JY14 -> 0 | KC14: =JW14-JZ14 -> 0 | KD14: =JX14-KA14 -> 0 | KG14: =KE14*KF14 -> 0 | KJ14: =KH14*KI14 -> 0 | KK14: =KE14-KH14 -> 0 | KL14: =KF14-KI14 -> 0 | KM14: =KG14-KJ14 -> 0 | KN14: =JM14+JV14+KE14 -> 0 | KO14: =IF(KP14,KP14/KN14,0) -> 0 | KP14: =JO14+JX14+KG14 -> 0 | KQ14: =JP14+JY14+KH14 -> 0 | KR14: =IF(KS14,KS14/KQ14,0) -> 0 | KS14: =JR14+KA14+KJ14 -> 0 | KT14: =KN14-KQ14 -> 0 | KU14: =KO14-KR14 -> 0 | KV14: =KP14-KS14 -> 0 | KW14: =GJ14+HT14+JD14+KN14 -> 0 | KX14: =IF(KY14,KY14/KW14,0) -> 0 | KY14: =GL14+HV14+JF14+KP14 -> 0 | KZ14: =GM14+HW14+JG14+KQ14 -> 0 | LA14: =IF(LB14,LB14/KZ14,0) -> 0 | LB14: =GO14+HY14+JI14+KS14 -> 0 | LC14: =KW14-KZ14 -> 0 | LD14: =KX14-LA14 -> 0 | LE14: =KY14-LB14 -> 0
E15: MTV | I15: =G15*H15 -> 0 | L15: =J15*K15 -> 0 | M15: =G15-J15 -> 0 | N15: =H15-K15 -> 0 | O15: =I15-L15 -> 0 | R15: =P15*Q15 -> 0 | U15: =S15*T15 -> 0 | V15: =P15-S15 -> 0 | W15: =Q15-T15 -> 0 | X15: =R15-U15 -> 0 | AA15: =Y15*Z15 -> 0 | AD15: =AB15*AC15 -> 0 | AE15: =Y15-AB15 -> 0 | AF15: =Z15-AC15 -> 0 | AG15: =AA15-AD15 -> 0 | AH15: =G15+P15+Y15 -> 0 | AI15: =IF(AJ15,AJ15/AH15,0) -> 0 | AJ15: =I15+R15+AA15 -> 0 | AK15: =J15+S15+AB15 -> 0 | AL15: =IF(AM15,AM15/AK15,0) -> 0 | AM15: =L15+U15+AD15 -> 0 | AN15: =AH15-AK15 -> 0 | AO15: =AI15-AL15 -> 0 | AP15: =AJ15-AM15 -> 0 | AS15: =AQ15*AR15 -> 0 | AV15: =AT15*AU15 -> 0 | AW15: =AQ15-AT15 -> 0 | AX15: =AR15-AU15 -> 0 | AY15: =AS15-AV15 -> 0 | BB15: =AZ15*BA15 -> 0 | BE15: =BC15*BD15 -> 0 | BF15: =AZ15-BC15 -> 0 | BG15: =BA15-BD15 -> 0 | BH15: =BB15-BE15 -> 0 | BK15: =BI15*BJ15 -> 0 | BN15: =BL15*BM15 -> 0 | BO15: =BI15-BL15 -> 0 | BP15: =BJ15-BM15 -> 0 | BQ15: =BK15-BN15 -> 0 | BR15: =AQ15+AZ15+BI15 -> 0 | BS15: =IF(BT15,BT15/BR15,0) -> 0 | BT15: =AS15+BB15+BK15 -> 0 | BU15: =AT15+BC15+BL15 -> 0 | BV15: =IF(BW15,BW15/BU15,0) -> 0 | BW15: =AV15+BE15+BN15 -> 0 | BX15: =BR15-BU15 -> 0 | BY15: =BS15-BV15 -> 0 | BZ15: =BT15-BW15 -> 0 | CC15: =CA15*CB15 -> 0 | CF15: =CD15*CE15 -> 0 | CG15: =CA15-CD15 -> 0 | CH15: =CB15-CE15 -> 0 | CI15: =CC15-CF15 -> 0 | CL15: =CJ15*CK15 -> 0 | CO15: =CM15*CN15 -> 0 | CP15: =CJ15-CM15 -> 0 | CQ15: =CK15-CN15 -> 0 | CR15: =CL15-CO15 -> 0 | CU15: =CS15*CT15 -> 0 | CX15: =CV15*CW15 -> 0 | CY15: =CS15-CV15 -> 0 | CZ15: =CT15-CW15 -> 0 | DA15: =CU15-CX15 -> 0 | DB15: =CA15+CJ15+CS15 -> 0 | DC15: =IF(DD15,DD15/DB15,0) -> 0 | DD15: =CC15+CL15+CU15 -> 0 | DE15: =CD15+CM15+CV15 -> 0 | DF15: =IF(DG15,DG15/DE15,0) -> 0 | DG15: =CF15+CO15+CX15 -> 0 | DH15: =DB15-DE15 -> 0 | DI15: =DC15-DF15 -> 0 | DJ15: =DD15-DG15 -> 0 | DM15: =DK15*DL15 -> 0 | DP15: =DN15*DO15 -> 0 | DQ15: =DK15-DN15 -> 0 | DR15: =DL15-DO15 -> 0 | DS15: =DM15-DP15 -> 0 | DV15: =DT15*DU15 -> 0 | DY15: =DW15*DX15 -> 0 | DZ15: =DT15-DW15 -> 0 | EA15: =DU15-DX15 -> 0 | EB15: =DV15-DY15 -> 0 | EE15: =EC15*ED15 -> 0 | EH15: =EF15*EG15 -> 0 | EI15: =EC15-EF15 -> 0 | EJ15: =ED15-EG15 -> 0 | EK15: =EE15-EH15 -> 0 | EL15: =DK15+DT15+EC15 -> 0 | EM15: =IF(EN15,EN15/EL15,0) -> 0 | EN15: =DM15+DV15+EE15 -> 0 | EO15: =DN15+DW15+EF15 -> 0 | EP15: =IF(EQ15,EQ15/EO15,0) -> 0 | EQ15: =DP15+DY15+EH15 -> 0 | ER15: =EL15-EO15 -> 0 | ES15: =EM15-EP15 -> 0 | ET15: =EN15-EQ15 -> 0 | EU15: =AH15+BR15+DB15+EL15 -> 0 | EV15: =IF(EW15,EW15/EU15,0) -> 0 | EW15: =AJ15+BT15+DD15+EN15 -> 0 | EX15: =AK15+BU15+DE15+EO15 -> 0 | EY15: =IF(EZ15,EZ15/EX15,0) -> 0 | EZ15: =AM15+BW15+DG15+EQ15 -> 0 | FA15: =EU15-EX15 -> 0 | FB15: =EV15-EY15 -> 0 | FC15: =EW15-EZ15 -> 0 | FK15: =FI15*FJ15 -> 0 | FN15: =FL15*FM15 -> 0 | FO15: =FI15-FL15 -> 0 | FP15: =FJ15-FM15 -> 0 | FQ15: =FK15-FN15 -> 0 | FT15: =FR15*FS15 -> 0 | FW15: =FU15*FV15 -> 0 | FX15: =FR15-FU15 -> 0 | FY15: =FS15-FV15 -> 0 | FZ15: =FT15-FW15 -> 0 | GC15: =GA15*GB15 -> 0 | GF15: =GD15*GE15 -> 0 | GG15: =GA15-GD15 -> 0 | GH15: =GB15-GE15 -> 0 | GI15: =GC15-GF15 -> 0 | GJ15: =FI15+FR15+GA15 -> 0 | GK15: =IF(GL15,GL15/GJ15,0) -> 0 | GL15: =FK15+FT15+GC15 -> 0 | GM15: =FL15+FU15+GD15 -> 0 | GN15: =IF(GO15,GO15/GM15,0) -> 0 | GO15: =FN15+FW15+GF15 -> 0 | GP15: =GJ15-GM15 -> 0 | GQ15: =GK15-GN15 -> 0 | GR15: =GL15-GO15 -> 0 | GU15: =GS15*GT15 -> 0 | GX15: =GV15*GW15 -> 0 | GY15: =GS15-GV15 -> 0 | GZ15: =GT15-GW15 -> 0 | HA15: =GU15-GX15 -> 0 | HD15: =HB15*HC15 -> 0 | HG15: =HE15*HF15 -> 0 | HH15: =HB15-HE15 -> 0 | HI15: =HC15-HF15 -> 0 | HJ15: =HD15-HG15 -> 0 | HM15: =HK15*HL15 -> 0 | HP15: =HN15*HO15 -> 0 | HQ15: =HK15-HN15 -> 0 | HR15: =HL15-HO15 -> 0 | HS15: =HM15-HP15 -> 0 | HT15: =GS15+HB15+HK15 -> 0 | HU15: =IF(HV15,HV15/HT15,0) -> 0 | HV15: =GU15+HD15+HM15 -> 0 | HW15: =GV15+HE15+HN15 -> 0 | HX15: =IF(HY15,HY15/HW15,0) -> 0 | HY15: =GX15+HG15+HP15 -> 0 | HZ15: =HT15-HW15 -> 0 | IA15: =HU15-HX15 -> 0 | IB15: =HV15-HY15 -> 0 | IE15: =IC15*ID15 -> 0 | IH15: =IF15*IG15 -> 0 | II15: =IC15-IF15 -> 0 | IJ15: =ID15-IG15 -> 0 | IK15: =IE15-IH15 -> 0 | IN15: =IL15*IM15 -> 0 | IQ15: =IO15*IP15 -> 0 | IR15: =IL15-IO15 -> 0 | IS15: =IM15-IP15 -> 0 | IT15: =IN15-IQ15 -> 0 | IW15: =IU15*IV15 -> 0 | IZ15: =IX15*IY15 -> 0 | JA15: =IU15-IX15 -> 0 | JB15: =IV15-IY15 -> 0 | JC15: =IW15-IZ15 -> 0 | JD15: =IC15+IL15+IU15 -> 0 | JE15: =IF(JF15,JF15/JD15,0) -> 0 | JF15: =IE15+IN15+IW15 -> 0 | JG15: =IF15+IO15+IX15 -> 0 | JH15: =IF(JI15,JI15/JG15,0) -> 0 | JI15: =IH15+IQ15+IZ15 -> 0 | JJ15: =JD15-JG15 -> 0 | JK15: =JE15-JH15 -> 0 | JL15: =JF15-JI15 -> 0 | JO15: =JM15*JN15 -> 0 | JR15: =JP15*JQ15 -> 0 | JS15: =JM15-JP15 -> 0 | JT15: =JN15-JQ15 -> 0 | JU15: =JO15-JR15 -> 0 | JX15: =JV15*JW15 -> 0 | KA15: =JY15*JZ15 -> 0 | KB15: =JV15-JY15 -> 0 | KC15: =JW15-JZ15 -> 0 | KD15: =JX15-KA15 -> 0 | KG15: =KE15*KF15 -> 0 | KJ15: =KH15*KI15 -> 0 | KK15: =KE15-KH15 -> 0 | KL15: =KF15-KI15 -> 0 | KM15: =KG15-KJ15 -> 0 | KN15: =JM15+JV15+KE15 -> 0 | KO15: =IF(KP15,KP15/KN15,0) -> 0 | KP15: =JO15+JX15+KG15 -> 0 | KQ15: =JP15+JY15+KH15 -> 0 | KR15: =IF(KS15,KS15/KQ15,0) -> 0 | KS15: =JR15+KA15+KJ15 -> 0 | KT15: =KN15-KQ15 -> 0 | KU15: =KO15-KR15 -> 0 | KV15: =KP15-KS15 -> 0 | KW15: =GJ15+HT15+JD15+KN15 -> 0 | KX15: =IF(KY15,KY15/KW15,0) -> 0 | KY15: =GL15+HV15+JF15+KP15 -> 0 | KZ15: =GM15+HW15+JG15+KQ15 -> 0 | LA15: =IF(LB15,LB15/KZ15,0) -> 0 | LB15: =GO15+HY15+JI15+KS15 -> 0 | LC15: =KW15-KZ15 -> 0 | LD15: =KX15-LA15 -> 0 | LE15: =KY15-LB15 -> 0
E16: MTV | I16: =G16*H16 -> 0 | L16: =J16*K16 -> 0 | M16: =G16-J16 -> 0 | N16: =H16-K16 -> 0 | O16: =I16-L16 -> 0 | R16: =P16*Q16 -> 0 | U16: =S16*T16 -> 0 | V16: =P16-S16 -> 0 | W16: =Q16-T16 -> 0 | X16: =R16-U16 -> 0 | AA16: =Y16*Z16 -> 0 | AD16: =AB16*AC16 -> 0 | AE16: =Y16-AB16 -> 0 | AF16: =Z16-AC16 -> 0 | AG16: =AA16-AD16 -> 0 | AH16: =G16+P16+Y16 -> 0 | AI16: =IF(AJ16,AJ16/AH16,0) -> 0 | AJ16: =I16+R16+AA16 -> 0 | AK16: =J16+S16+AB16 -> 0 | AL16: =IF(AM16,AM16/AK16,0) -> 0 | AM16: =L16+U16+AD16 -> 0 | AN16: =AH16-AK16 -> 0 | AO16: =AI16-AL16 -> 0 | AP16: =AJ16-AM16 -> 0 | AS16: =AQ16*AR16 -> 0 | AV16: =AT16*AU16 -> 0 | AW16: =AQ16-AT16 -> 0 | AX16: =AR16-AU16 -> 0 | AY16: =AS16-AV16 -> 0 | BB16: =AZ16*BA16 -> 0 | BE16: =BC16*BD16 -> 0 | BF16: =AZ16-BC16 -> 0 | BG16: =BA16-BD16 -> 0 | BH16: =BB16-BE16 -> 0 | BK16: =BI16*BJ16 -> 0 | BN16: =BL16*BM16 -> 0 | BO16: =BI16-BL16 -> 0 | BP16: =BJ16-BM16 -> 0 | BQ16: =BK16-BN16 -> 0 | BR16: =AQ16+AZ16+BI16 -> 0 | BS16: =IF(BT16,BT16/BR16,0) -> 0 | BT16: =AS16+BB16+BK16 -> 0 | BU16: =AT16+BC16+BL16 -> 0 | BV16: =IF(BW16,BW16/BU16,0) -> 0 | BW16: =AV16+BE16+BN16 -> 0 | BX16: =BR16-BU16 -> 0 | BY16: =BS16-BV16 -> 0 | BZ16: =BT16-BW16 -> 0 | CC16: =CA16*CB16 -> 0 | CF16: =CD16*CE16 -> 0 | CG16: =CA16-CD16 -> 0 | CH16: =CB16-CE16 -> 0 | CI16: =CC16-CF16 -> 0 | CL16: =CJ16*CK16 -> 0 | CO16: =CM16*CN16 -> 0 | CP16: =CJ16-CM16 -> 0 | CQ16: =CK16-CN16 -> 0 | CR16: =CL16-CO16 -> 0 | CU16: =CS16*CT16 -> 0 | CX16: =CV16*CW16 -> 0 | CY16: =CS16-CV16 -> 0 | CZ16: =CT16-CW16 -> 0 | DA16: =CU16-CX16 -> 0 | DB16: =CA16+CJ16+CS16 -> 0 | DC16: =IF(DD16,DD16/DB16,0) -> 0 | DD16: =CC16+CL16+CU16 -> 0 | DE16: =CD16+CM16+CV16 -> 0 | DF16: =IF(DG16,DG16/DE16,0) -> 0 | DG16: =CF16+CO16+CX16 -> 0 | DH16: =DB16-DE16 -> 0 | DI16: =DC16-DF16 -> 0 | DJ16: =DD16-DG16 -> 0 | DM16: =DK16*DL16 -> 0 | DP16: =DN16*DO16 -> 0 | DQ16: =DK16-DN16 -> 0 | DR16: =DL16-DO16 -> 0 | DS16: =DM16-DP16 -> 0 | DV16: =DT16*DU16 -> 0 | DY16: =DW16*DX16 -> 0 | DZ16: =DT16-DW16 -> 0 | EA16: =DU16-DX16 -> 0 | EB16: =DV16-DY16 -> 0 | EE16: =EC16*ED16 -> 0 | EH16: =EF16*EG16 -> 0 | EI16: =EC16-EF16 -> 0 | EJ16: =ED16-EG16 -> 0 | EK16: =EE16-EH16 -> 0 | EL16: =DK16+DT16+EC16 -> 0 | EM16: =IF(EN16,EN16/EL16,0) -> 0 | EN16: =DM16+DV16+EE16 -> 0 | EO16: =DN16+DW16+EF16 -> 0 | EP16: =IF(EQ16,EQ16/EO16,0) -> 0 | EQ16: =DP16+DY16+EH16 -> 0 | ER16: =EL16-EO16 -> 0 | ES16: =EM16-EP16 -> 0 | ET16: =EN16-EQ16 -> 0 | EU16: =AH16+BR16+DB16+EL16 -> 0 | EV16: =IF(EW16,EW16/EU16,0) -> 0 | EW16: =AJ16+BT16+DD16+EN16 -> 0 | EX16: =AK16+BU16+DE16+EO16 -> 0 | EY16: =IF(EZ16,EZ16/EX16,0) -> 0 | EZ16: =AM16+BW16+DG16+EQ16 -> 0 | FA16: =EU16-EX16 -> 0 | FB16: =EV16-EY16 -> 0 | FC16: =EW16-EZ16 -> 0 | FK16: =FI16*FJ16 -> 0 | FN16: =FL16*FM16 -> 0 | FO16: =FI16-FL16 -> 0 | FP16: =FJ16-FM16 -> 0 | FQ16: =FK16-FN16 -> 0 | FT16: =FR16*FS16 -> 0 | FW16: =FU16*FV16 -> 0 | FX16: =FR16-FU16 -> 0 | FY16: =FS16-FV16 -> 0 | FZ16: =FT16-FW16 -> 0 | GC16: =GA16*GB16 -> 0 | GF16: =GD16*GE16 -> 0 | GG16: =GA16-GD16 -> 0 | GH16: =GB16-GE16 -> 0 | GI16: =GC16-GF16 -> 0 | GJ16: =FI16+FR16+GA16 -> 0 | GK16: =IF(GL16,GL16/GJ16,0) -> 0 | GL16: =FK16+FT16+GC16 -> 0 | GM16: =FL16+FU16+GD16 -> 0 | GN16: =IF(GO16,GO16/GM16,0) -> 0 | GO16: =FN16+FW16+GF16 -> 0 | GP16: =GJ16-GM16 -> 0 | GQ16: =GK16-GN16 -> 0 | GR16: =GL16-GO16 -> 0 | GU16: =GS16*GT16 -> 0 | GX16: =GV16*GW16 -> 0 | GY16: =GS16-GV16 -> 0 | GZ16: =GT16-GW16 -> 0 | HA16: =GU16-GX16 -> 0 | HD16: =HB16*HC16 -> 0 | HG16: =HE16*HF16 -> 0 | HH16: =HB16-HE16 -> 0 | HI16: =HC16-HF16 -> 0 | HJ16: =HD16-HG16 -> 0 | HM16: =HK16*HL16 -> 0 | HP16: =HN16*HO16 -> 0 | HQ16: =HK16-HN16 -> 0 | HR16: =HL16-HO16 -> 0 | HS16: =HM16-HP16 -> 0 | HT16: =GS16+HB16+HK16 -> 0 | HU16: =IF(HV16,HV16/HT16,0) -> 0 | HV16: =GU16+HD16+HM16 -> 0 | HW16: =GV16+HE16+HN16 -> 0 | HX16: =IF(HY16,HY16/HW16,0) -> 0 | HY16: =GX16+HG16+HP16 -> 0 | HZ16: =HT16-HW16 -> 0 | IA16: =HU16-HX16 -> 0 | IB16: =HV16-HY16 -> 0 | IE16: =IC16*ID16 -> 0 | IH16: =IF16*IG16 -> 0 | II16: =IC16-IF16 -> 0 | IJ16: =ID16-IG16 -> 0 | IK16: =IE16-IH16 -> 0 | IN16: =IL16*IM16 -> 0 | IQ16: =IO16*IP16 -> 0 | IR16: =IL16-IO16 -> 0 | IS16: =IM16-IP16 -> 0 | IT16: =IN16-IQ16 -> 0 | IW16: =IU16*IV16 -> 0 | IZ16: =IX16*IY16 -> 0 | JA16: =IU16-IX16 -> 0 | JB16: =IV16-IY16 -> 0 | JC16: =IW16-IZ16 -> 0 | JD16: =IC16+IL16+IU16 -> 0 | JE16: =IF(JF16,JF16/JD16,0) -> 0 | JF16: =IE16+IN16+IW16 -> 0 | JG16: =IF16+IO16+IX16 -> 0 | JH16: =IF(JI16,JI16/JG16,0) -> 0 | JI16: =IH16+IQ16+IZ16 -> 0 | JJ16: =JD16-JG16 -> 0 | JK16: =JE16-JH16 -> 0 | JL16: =JF16-JI16 -> 0 | JO16: =JM16*JN16 -> 0 | JR16: =JP16*JQ16 -> 0 | JS16: =JM16-JP16 -> 0 | JT16: =JN16-JQ16 -> 0 | JU16: =JO16-JR16 -> 0 | JX16: =JV16*JW16 -> 0 | KA16: =JY16*JZ16 -> 0 | KB16: =JV16-JY16 -> 0 | KC16: =JW16-JZ16 -> 0 | KD16: =JX16-KA16 -> 0 | KG16: =KE16*KF16 -> 0 | KJ16: =KH16*KI16 -> 0 | KK16: =KE16-KH16 -> 0 | KL16: =KF16-KI16 -> 0 | KM16: =KG16-KJ16 -> 0 | KN16: =JM16+JV16+KE16 -> 0 | KO16: =IF(KP16,KP16/KN16,0) -> 0 | KP16: =JO16+JX16+KG16 -> 0 | KQ16: =JP16+JY16+KH16 -> 0 | KR16: =IF(KS16,KS16/KQ16,0) -> 0 | KS16: =JR16+KA16+KJ16 -> 0 | KT16: =KN16-KQ16 -> 0 | KU16: =KO16-KR16 -> 0 | KV16: =KP16-KS16 -> 0 | KW16: =GJ16+HT16+JD16+KN16 -> 0 | KX16: =IF(KY16,KY16/KW16,0) -> 0 | KY16: =GL16+HV16+JF16+KP16 -> 0 | KZ16: =GM16+HW16+JG16+KQ16 -> 0 | LA16: =IF(LB16,LB16/KZ16,0) -> 0 | LB16: =GO16+HY16+JI16+KS16 -> 0 | LC16: =KW16-KZ16 -> 0 | LD16: =KX16-LA16 -> 0 | LE16: =KY16-LB16 -> 0
E17: MTV | I17: =G17*H17 -> 0 | L17: =J17*K17 -> 0 | M17: =G17-J17 -> 0 | N17: =H17-K17 -> 0 | O17: =I17-L17 -> 0 | R17: =P17*Q17 -> 0 | U17: =S17*T17 -> 0 | V17: =P17-S17 -> 0 | W17: =Q17-T17 -> 0 | X17: =R17-U17 -> 0 | AA17: =Y17*Z17 -> 0 | AD17: =AB17*AC17 -> 0 | AE17: =Y17-AB17 -> 0 | AF17: =Z17-AC17 -> 0 | AG17: =AA17-AD17 -> 0 | AH17: =G17+P17+Y17 -> 0 | AI17: =IF(AJ17,AJ17/AH17,0) -> 0 | AJ17: =I17+R17+AA17 -> 0 | AK17: =J17+S17+AB17 -> 0 | AL17: =IF(AM17,AM17/AK17,0) -> 0 | AM17: =L17+U17+AD17 -> 0 | AN17: =AH17-AK17 -> 0 | AO17: =AI17-AL17 -> 0 | AP17: =AJ17-AM17 -> 0 | AS17: =AQ17*AR17 -> 0 | AV17: =AT17*AU17 -> 0 | AW17: =AQ17-AT17 -> 0 | AX17: =AR17-AU17 -> 0 | AY17: =AS17-AV17 -> 0 | BB17: =AZ17*BA17 -> 0 | BE17: =BC17*BD17 -> 0 | BF17: =AZ17-BC17 -> 0 | BG17: =BA17-BD17 -> 0 | BH17: =BB17-BE17 -> 0 | BK17: =BI17*BJ17 -> 0 | BN17: =BL17*BM17 -> 0 | BO17: =BI17-BL17 -> 0 | BP17: =BJ17-BM17 -> 0 | BQ17: =BK17-BN17 -> 0 | BR17: =AQ17+AZ17+BI17 -> 0 | BS17: =IF(BT17,BT17/BR17,0) -> 0 | BT17: =AS17+BB17+BK17 -> 0 | BU17: =AT17+BC17+BL17 -> 0 | BV17: =IF(BW17,BW17/BU17,0) -> 0 | BW17: =AV17+BE17+BN17 -> 0 | BX17: =BR17-BU17 -> 0 | BY17: =BS17-BV17 -> 0 | BZ17: =BT17-BW17 -> 0 | CC17: =CA17*CB17 -> 0 | CF17: =CD17*CE17 -> 0 | CG17: =CA17-CD17 -> 0 | CH17: =CB17-CE17 -> 0 | CI17: =CC17-CF17 -> 0 | CL17: =CJ17*CK17 -> 0 | CO17: =CM17*CN17 -> 0 | CP17: =CJ17-CM17 -> 0 | CQ17: =CK17-CN17 -> 0 | CR17: =CL17-CO17 -> 0 | CU17: =CS17*CT17 -> 0 | CX17: =CV17*CW17 -> 0 | CY17: =CS17-CV17 -> 0 | CZ17: =CT17-CW17 -> 0 | DA17: =CU17-CX17 -> 0 | DB17: =CA17+CJ17+CS17 -> 0 | DC17: =IF(DD17,DD17/DB17,0) -> 0 | DD17: =CC17+CL17+CU17 -> 0 | DE17: =CD17+CM17+CV17 -> 0 | DF17: =IF(DG17,DG17/DE17,0) -> 0 | DG17: =CF17+CO17+CX17 -> 0 | DH17: =DB17-DE17 -> 0 | DI17: =DC17-DF17 -> 0 | DJ17: =DD17-DG17 -> 0 | DM17: =DK17*DL17 -> 0 | DP17: =DN17*DO17 -> 0 | DQ17: =DK17-DN17 -> 0 | DR17: =DL17-DO17 -> 0 | DS17: =DM17-DP17 -> 0 | DV17: =DT17*DU17 -> 0 | DY17: =DW17*DX17 -> 0 | DZ17: =DT17-DW17 -> 0 | EA17: =DU17-DX17 -> 0 | EB17: =DV17-DY17 -> 0 | EE17: =EC17*ED17 -> 0 | EH17: =EF17*EG17 -> 0 | EI17: =EC17-EF17 -> 0 | EJ17: =ED17-EG17 -> 0 | EK17: =EE17-EH17 -> 0 | EL17: =DK17+DT17+EC17 -> 0 | EM17: =IF(EN17,EN17/EL17,0) -> 0 | EN17: =DM17+DV17+EE17 -> 0 | EO17: =DN17+DW17+EF17 -> 0 | EP17: =IF(EQ17,EQ17/EO17,0) -> 0 | EQ17: =DP17+DY17+EH17 -> 0 | ER17: =EL17-EO17 -> 0 | ES17: =EM17-EP17 -> 0 | ET17: =EN17-EQ17 -> 0 | EU17: =AH17+BR17+DB17+EL17 -> 0 | EV17: =IF(EW17,EW17/EU17,0) -> 0 | EW17: =AJ17+BT17+DD17+EN17 -> 0 | EX17: =AK17+BU17+DE17+EO17 -> 0 | EY17: =IF(EZ17,EZ17/EX17,0) -> 0 | EZ17: =AM17+BW17+DG17+EQ17 -> 0 | FA17: =EU17-EX17 -> 0 | FB17: =EV17-EY17 -> 0 | FC17: =EW17-EZ17 -> 0 | FK17: =FI17*FJ17 -> 0 | FN17: =FL17*FM17 -> 0 | FO17: =FI17-FL17 -> 0 | FP17: =FJ17-FM17 -> 0 | FQ17: =FK17-FN17 -> 0 | FT17: =FR17*FS17 -> 0 | FW17: =FU17*FV17 -> 0 | FX17: =FR17-FU17 -> 0 | FY17: =FS17-FV17 -> 0 | FZ17: =FT17-FW17 -> 0 | GC17: =GA17*GB17 -> 0 | GF17: =GD17*GE17 -> 0 | GG17: =GA17-GD17 -> 0 | GH17: =GB17-GE17 -> 0 | GI17: =GC17-GF17 -> 0 | GJ17: =FI17+FR17+GA17 -> 0 | GK17: =IF(GL17,GL17/GJ17,0) -> 0 | GL17: =FK17+FT17+GC17 -> 0 | GM17: =FL17+FU17+GD17 -> 0 | GN17: =IF(GO17,GO17/GM17,0) -> 0 | GO17: =FN17+FW17+GF17 -> 0 | GP17: =GJ17-GM17 -> 0 | GQ17: =GK17-GN17 -> 0 | GR17: =GL17-GO17 -> 0 | GU17: =GS17*GT17 -> 0 | GX17: =GV17*GW17 -> 0 | GY17: =GS17-GV17 -> 0 | GZ17: =GT17-GW17 -> 0 | HA17: =GU17-GX17 -> 0 | HD17: =HB17*HC17 -> 0 | HG17: =HE17*HF17 -> 0 | HH17: =HB17-HE17 -> 0 | HI17: =HC17-HF17 -> 0 | HJ17: =HD17-HG17 -> 0 | HM17: =HK17*HL17 -> 0 | HP17: =HN17*HO17 -> 0 | HQ17: =HK17-HN17 -> 0 | HR17: =HL17-HO17 -> 0 | HS17: =HM17-HP17 -> 0 | HT17: =GS17+HB17+HK17 -> 0 | HU17: =IF(HV17,HV17/HT17,0) -> 0 | HV17: =GU17+HD17+HM17 -> 0 | HW17: =GV17+HE17+HN17 -> 0 | HX17: =IF(HY17,HY17/HW17,0) -> 0 | HY17: =GX17+HG17+HP17 -> 0 | HZ17: =HT17-HW17 -> 0 | IA17: =HU17-HX17 -> 0 | IB17: =HV17-HY17 -> 0 | IE17: =IC17*ID17 -> 0 | IH17: =IF17*IG17 -> 0 | II17: =IC17-IF17 -> 0 | IJ17: =ID17-IG17 -> 0 | IK17: =IE17-IH17 -> 0 | IN17: =IL17*IM17 -> 0 | IQ17: =IO17*IP17 -> 0 | IR17: =IL17-IO17 -> 0 | IS17: =IM17-IP17 -> 0 | IT17: =IN17-IQ17 -> 0 | IW17: =IU17*IV17 -> 0 | IZ17: =IX17*IY17 -> 0 | JA17: =IU17-IX17 -> 0 | JB17: =IV17-IY17 -> 0 | JC17: =IW17-IZ17 -> 0 | JD17: =IC17+IL17+IU17 -> 0 | JE17: =IF(JF17,JF17/JD17,0) -> 0 | JF17: =IE17+IN17+IW17 -> 0 | JG17: =IF17+IO17+IX17 -> 0 | JH17: =IF(JI17,JI17/JG17,0) -> 0 | JI17: =IH17+IQ17+IZ17 -> 0 | JJ17: =JD17-JG17 -> 0 | JK17: =JE17-JH17 -> 0 | JL17: =JF17-JI17 -> 0 | JO17: =JM17*JN17 -> 0 | JR17: =JP17*JQ17 -> 0 | JS17: =JM17-JP17 -> 0 | JT17: =JN17-JQ17 -> 0 | JU17: =JO17-JR17 -> 0 | JX17: =JV17*JW17 -> 0 | KA17: =JY17*JZ17 -> 0 | KB17: =JV17-JY17 -> 0 | KC17: =JW17-JZ17 -> 0 | KD17: =JX17-KA17 -> 0 | KG17: =KE17*KF17 -> 0 | KJ17: =KH17*KI17 -> 0 | KK17: =KE17-KH17 -> 0 | KL17: =KF17-KI17 -> 0 | KM17: =KG17-KJ17 -> 0 | KN17: =JM17+JV17+KE17 -> 0 | KO17: =IF(KP17,KP17/KN17,0) -> 0 | KP17: =JO17+JX17+KG17 -> 0 | KQ17: =JP17+JY17+KH17 -> 0 | KR17: =IF(KS17,KS17/KQ17,0) -> 0 | KS17: =JR17+KA17+KJ17 -> 0 | KT17: =KN17-KQ17 -> 0 | KU17: =KO17-KR17 -> 0 | KV17: =KP17-KS17 -> 0 | KW17: =GJ17+HT17+JD17+KN17 -> 0 | KX17: =IF(KY17,KY17/KW17,0) -> 0 | KY17: =GL17+HV17+JF17+KP17 -> 0 | KZ17: =GM17+HW17+JG17+KQ17 -> 0 | LA17: =IF(LB17,LB17/KZ17,0) -> 0 | LB17: =GO17+HY17+JI17+KS17 -> 0 | LC17: =KW17-KZ17 -> 0 | LD17: =KX17-LA17 -> 0 | LE17: =KY17-LB17 -> 0
E18: MTV | I18: =G18*H18 -> 0 | L18: =J18*K18 -> 0 | M18: =G18-J18 -> 0 | N18: =H18-K18 -> 0 | O18: =I18-L18 -> 0 | R18: =P18*Q18 -> 0 | U18: =S18*T18 -> 0 | V18: =P18-S18 -> 0 | W18: =Q18-T18 -> 0 | X18: =R18-U18 -> 0 | AA18: =Y18*Z18 -> 0 | AD18: =AB18*AC18 -> 0 | AE18: =Y18-AB18 -> 0 | AF18: =Z18-AC18 -> 0 | AG18: =AA18-AD18 -> 0 | AH18: =G18+P18+Y18 -> 0 | AI18: =IF(AJ18,AJ18/AH18,0) -> 0 | AJ18: =I18+R18+AA18 -> 0 | AK18: =J18+S18+AB18 -> 0 | AL18: =IF(AM18,AM18/AK18,0) -> 0 | AM18: =L18+U18+AD18 -> 0 | AN18: =AH18-AK18 -> 0 | AO18: =AI18-AL18 -> 0 | AP18: =AJ18-AM18 -> 0 | AS18: =AQ18*AR18 -> 0 | AV18: =AT18*AU18 -> 0 | AW18: =AQ18-AT18 -> 0 | AX18: =AR18-AU18 -> 0 | AY18: =AS18-AV18 -> 0 | BB18: =AZ18*BA18 -> 0 | BE18: =BC18*BD18 -> 0 | BF18: =AZ18-BC18 -> 0 | BG18: =BA18-BD18 -> 0 | BH18: =BB18-BE18 -> 0 | BK18: =BI18*BJ18 -> 0 | BN18: =BL18*BM18 -> 0 | BO18: =BI18-BL18 -> 0 | BP18: =BJ18-BM18 -> 0 | BQ18: =BK18-BN18 -> 0 | BR18: =AQ18+AZ18+BI18 -> 0 | BS18: =IF(BT18,BT18/BR18,0) -> 0 | BT18: =AS18+BB18+BK18 -> 0 | BU18: =AT18+BC18+BL18 -> 0 | BV18: =IF(BW18,BW18/BU18,0) -> 0 | BW18: =AV18+BE18+BN18 -> 0 | BX18: =BR18-BU18 -> 0 | BY18: =BS18-BV18 -> 0 | BZ18: =BT18-BW18 -> 0 | CC18: =CA18*CB18 -> 0 | CF18: =CD18*CE18 -> 0 | CG18: =CA18-CD18 -> 0 | CH18: =CB18-CE18 -> 0 | CI18: =CC18-CF18 -> 0 | CL18: =CJ18*CK18 -> 0 | CO18: =CM18*CN18 -> 0 | CP18: =CJ18-CM18 -> 0 | CQ18: =CK18-CN18 -> 0 | CR18: =CL18-CO18 -> 0 | CU18: =CS18*CT18 -> 0 | CX18: =CV18*CW18 -> 0 | CY18: =CS18-CV18 -> 0 | CZ18: =CT18-CW18 -> 0 | DA18: =CU18-CX18 -> 0 | DB18: =CA18+CJ18+CS18 -> 0 | DC18: =IF(DD18,DD18/DB18,0) -> 0 | DD18: =CC18+CL18+CU18 -> 0 | DE18: =CD18+CM18+CV18 -> 0 | DF18: =IF(DG18,DG18/DE18,0) -> 0 | DG18: =CF18+CO18+CX18 -> 0 | DH18: =DB18-DE18 -> 0 | DI18: =DC18-DF18 -> 0 | DJ18: =DD18-DG18 -> 0 | DM18: =DK18*DL18 -> 0 | DP18: =DN18*DO18 -> 0 | DQ18: =DK18-DN18 -> 0 | DR18: =DL18-DO18 -> 0 | DS18: =DM18-DP18 -> 0 | DV18: =DT18*DU18 -> 0 | DY18: =DW18*DX18 -> 0 | DZ18: =DT18-DW18 -> 0 | EA18: =DU18-DX18 -> 0 | EB18: =DV18-DY18 -> 0 | EE18: =EC18*ED18 -> 0 | EH18: =EF18*EG18 -> 0 | EI18: =EC18-EF18 -> 0 | EJ18: =ED18-EG18 -> 0 | EK18: =EE18-EH18 -> 0 | EL18: =DK18+DT18+EC18 -> 0 | EM18: =IF(EN18,EN18/EL18,0) -> 0 | EN18: =DM18+DV18+EE18 -> 0 | EO18: =DN18+DW18+EF18 -> 0 | EP18: =IF(EQ18,EQ18/EO18,0) -> 0 | EQ18: =DP18+DY18+EH18 -> 0 | ER18: =EL18-EO18 -> 0 | ES18: =EM18-EP18 -> 0 | ET18: =EN18-EQ18 -> 0 | EU18: =AH18+BR18+DB18+EL18 -> 0 | EV18: =IF(EW18,EW18/EU18,0) -> 0 | EW18: =AJ18+BT18+DD18+EN18 -> 0 | EX18: =AK18+BU18+DE18+EO18 -> 0 | EY18: =IF(EZ18,EZ18/EX18,0) -> 0 | EZ18: =AM18+BW18+DG18+EQ18 -> 0 | FA18: =EU18-EX18 -> 0 | FB18: =EV18-EY18 -> 0 | FC18: =EW18-EZ18 -> 0 | FK18: =FI18*FJ18 -> 0 | FN18: =FL18*FM18 -> 0 | FO18: =FI18-FL18 -> 0 | FP18: =FJ18-FM18 -> 0 | FQ18: =FK18-FN18 -> 0 | FT18: =FR18*FS18 -> 0 | FW18: =FU18*FV18 -> 0 | FX18: =FR18-FU18 -> 0 | FY18: =FS18-FV18 -> 0 | FZ18: =FT18-FW18 -> 0 | GC18: =GA18*GB18 -> 0 | GF18: =GD18*GE18 -> 0 | GG18: =GA18-GD18 -> 0 | GH18: =GB18-GE18 -> 0 | GI18: =GC18-GF18 -> 0 | GJ18: =FI18+FR18+GA18 -> 0 | GK18: =IF(GL18,GL18/GJ18,0) -> 0 | GL18: =FK18+FT18+GC18 -> 0 | GM18: =FL18+FU18+GD18 -> 0 | GN18: =IF(GO18,GO18/GM18,0) -> 0 | GO18: =FN18+FW18+GF18 -> 0 | GP18: =GJ18-GM18 -> 0 | GQ18: =GK18-GN18 -> 0 | GR18: =GL18-GO18 -> 0 | GU18: =GS18*GT18 -> 0 | GX18: =GV18*GW18 -> 0 | GY18: =GS18-GV18 -> 0 | GZ18: =GT18-GW18 -> 0 | HA18: =GU18-GX18 -> 0 | HD18: =HB18*HC18 -> 0 | HG18: =HE18*HF18 -> 0 | HH18: =HB18-HE18 -> 0 | HI18: =HC18-HF18 -> 0 | HJ18: =HD18-HG18 -> 0 | HM18: =HK18*HL18 -> 0 | HP18: =HN18*HO18 -> 0 | HQ18: =HK18-HN18 -> 0 | HR18: =HL18-HO18 -> 0 | HS18: =HM18-HP18 -> 0 | HT18: =GS18+HB18+HK18 -> 0 | HU18: =IF(HV18,HV18/HT18,0) -> 0 | HV18: =GU18+HD18+HM18 -> 0 | HW18: =GV18+HE18+HN18 -> 0 | HX18: =IF(HY18,HY18/HW18,0) -> 0 | HY18: =GX18+HG18+HP18 -> 0 | HZ18: =HT18-HW18 -> 0 | IA18: =HU18-HX18 -> 0 | IB18: =HV18-HY18 -> 0 | IE18: =IC18*ID18 -> 0 | IH18: =IF18*IG18 -> 0 | II18: =IC18-IF18 -> 0 | IJ18: =ID18-IG18 -> 0 | IK18: =IE18-IH18 -> 0 | IN18: =IL18*IM18 -> 0 | IQ18: =IO18*IP18 -> 0 | IR18: =IL18-IO18 -> 0 | IS18: =IM18-IP18 -> 0 | IT18: =IN18-IQ18 -> 0 | IW18: =IU18*IV18 -> 0 | IZ18: =IX18*IY18 -> 0 | JA18: =IU18-IX18 -> 0 | JB18: =IV18-IY18 -> 0 | JC18: =IW18-IZ18 -> 0 | JD18: =IC18+IL18+IU18 -> 0 | JE18: =IF(JF18,JF18/JD18,0) -> 0 | JF18: =IE18+IN18+IW18 -> 0 | JG18: =IF18+IO18+IX18 -> 0 | JH18: =IF(JI18,JI18/JG18,0) -> 0 | JI18: =IH18+IQ18+IZ18 -> 0 | JJ18: =JD18-JG18 -> 0 | JK18: =JE18-JH18 -> 0 | JL18: =JF18-JI18 -> 0 | JO18: =JM18*JN18 -> 0 | JR18: =JP18*JQ18 -> 0 | JS18: =JM18-JP18 -> 0 | JT18: =JN18-JQ18 -> 0 | JU18: =JO18-JR18 -> 0 | JX18: =JV18*JW18 -> 0 | KA18: =JY18*JZ18 -> 0 | KB18: =JV18-JY18 -> 0 | KC18: =JW18-JZ18 -> 0 | KD18: =JX18-KA18 -> 0 | KG18: =KE18*KF18 -> 0 | KJ18: =KH18*KI18 -> 0 | KK18: =KE18-KH18 -> 0 | KL18: =KF18-KI18 -> 0 | KM18: =KG18-KJ18 -> 0 | KN18: =JM18+JV18+KE18 -> 0 | KO18: =IF(KP18,KP18/KN18,0) -> 0 | KP18: =JO18+JX18+KG18 -> 0 | KQ18: =JP18+JY18+KH18 -> 0 | KR18: =IF(KS18,KS18/KQ18,0) -> 0 | KS18: =JR18+KA18+KJ18 -> 0 | KT18: =KN18-KQ18 -> 0 | KU18: =KO18-KR18 -> 0 | KV18: =KP18-KS18 -> 0 | KW18: =GJ18+HT18+JD18+KN18 -> 0 | KX18: =IF(KY18,KY18/KW18,0) -> 0 | KY18: =GL18+HV18+JF18+KP18 -> 0 | KZ18: =GM18+HW18+JG18+KQ18 -> 0 | LA18: =IF(LB18,LB18/KZ18,0) -> 0 | LB18: =GO18+HY18+JI18+KS18 -> 0 | LC18: =KW18-KZ18 -> 0 | LD18: =KX18-LA18 -> 0 | LE18: =KY18-LB18 -> 0
E19: MTV | I19: =G19*H19 -> 0 | L19: =J19*K19 -> 0 | M19: =G19-J19 -> 0 | N19: =H19-K19 -> 0 | O19: =I19-L19 -> 0 | R19: =P19*Q19 -> 0 | U19: =S19*T19 -> 0 | V19: =P19-S19 -> 0 | W19: =Q19-T19 -> 0 | X19: =R19-U19 -> 0 | AA19: =Y19*Z19 -> 0 | AD19: =AB19*AC19 -> 0 | AE19: =Y19-AB19 -> 0 | AF19: =Z19-AC19 -> 0 | AG19: =AA19-AD19 -> 0 | AH19: =G19+P19+Y19 -> 0 | AI19: =IF(AJ19,AJ19/AH19,0) -> 0 | AJ19: =I19+R19+AA19 -> 0 | AK19: =J19+S19+AB19 -> 0 | AL19: =IF(AM19,AM19/AK19,0) -> 0 | AM19: =L19+U19+AD19 -> 0 | AN19: =AH19-AK19 -> 0 | AO19: =AI19-AL19 -> 0 | AP19: =AJ19-AM19 -> 0 | AS19: =AQ19*AR19 -> 0 | AV19: =AT19*AU19 -> 0 | AW19: =AQ19-AT19 -> 0 | AX19: =AR19-AU19 -> 0 | AY19: =AS19-AV19 -> 0 | BB19: =AZ19*BA19 -> 0 | BE19: =BC19*BD19 -> 0 | BF19: =AZ19-BC19 -> 0 | BG19: =BA19-BD19 -> 0 | BH19: =BB19-BE19 -> 0 | BK19: =BI19*BJ19 -> 0 | BN19: =BL19*BM19 -> 0 | BO19: =BI19-BL19 -> 0 | BP19: =BJ19-BM19 -> 0 | BQ19: =BK19-BN19 -> 0 | BR19: =AQ19+AZ19+BI19 -> 0 | BS19: =IF(BT19,BT19/BR19,0) -> 0 | BT19: =AS19+BB19+BK19 -> 0 | BU19: =AT19+BC19+BL19 -> 0 | BV19: =IF(BW19,BW19/BU19,0) -> 0 | BW19: =AV19+BE19+BN19 -> 0 | BX19: =BR19-BU19 -> 0 | BY19: =BS19-BV19 -> 0 | BZ19: =BT19-BW19 -> 0 | CC19: =CA19*CB19 -> 0 | CF19: =CD19*CE19 -> 0 | CG19: =CA19-CD19 -> 0 | CH19: =CB19-CE19 -> 0 | CI19: =CC19-CF19 -> 0 | CL19: =CJ19*CK19 -> 0 | CO19: =CM19*CN19 -> 0 | CP19: =CJ19-CM19 -> 0 | CQ19: =CK19-CN19 -> 0 | CR19: =CL19-CO19 -> 0 | CU19: =CS19*CT19 -> 0 | CX19: =CV19*CW19 -> 0 | CY19: =CS19-CV19 -> 0 | CZ19: =CT19-CW19 -> 0 | DA19: =CU19-CX19 -> 0 | DB19: =CA19+CJ19+CS19 -> 0 | DC19: =IF(DD19,DD19/DB19,0) -> 0 | DD19: =CC19+CL19+CU19 -> 0 | DE19: =CD19+CM19+CV19 -> 0 | DF19: =IF(DG19,DG19/DE19,0) -> 0 | DG19: =CF19+CO19+CX19 -> 0 | DH19: =DB19-DE19 -> 0 | DI19: =DC19-DF19 -> 0 | DJ19: =DD19-DG19 -> 0 | DM19: =DK19*DL19 -> 0 | DP19: =DN19*DO19 -> 0 | DQ19: =DK19-DN19 -> 0 | DR19: =DL19-DO19 -> 0 | DS19: =DM19-DP19 -> 0 | DV19: =DT19*DU19 -> 0 | DY19: =DW19*DX19 -> 0 | DZ19: =DT19-DW19 -> 0 | EA19: =DU19-DX19 -> 0 | EB19: =DV19-DY19 -> 0 | EE19: =EC19*ED19 -> 0 | EH19: =EF19*EG19 -> 0 | EI19: =EC19-EF19 -> 0 | EJ19: =ED19-EG19 -> 0 | EK19: =EE19-EH19 -> 0 | EL19: =DK19+DT19+EC19 -> 0 | EM19: =IF(EN19,EN19/EL19,0) -> 0 | EN19: =DM19+DV19+EE19 -> 0 | EO19: =DN19+DW19+EF19 -> 0 | EP19: =IF(EQ19,EQ19/EO19,0) -> 0 | EQ19: =DP19+DY19+EH19 -> 0 | ER19: =EL19-EO19 -> 0 | ES19: =EM19-EP19 -> 0 | ET19: =EN19-EQ19 -> 0 | EU19: =AH19+BR19+DB19+EL19 -> 0 | EV19: =IF(EW19,EW19/EU19,0) -> 0 | EW19: =AJ19+BT19+DD19+EN19 -> 0 | EX19: =AK19+BU19+DE19+EO19 -> 0 | EY19: =IF(EZ19,EZ19/EX19,0) -> 0 | EZ19: =AM19+BW19+DG19+EQ19 -> 0 | FA19: =EU19-EX19 -> 0 | FB19: =EV19-EY19 -> 0 | FC19: =EW19-EZ19 -> 0 | FK19: =FI19*FJ19 -> 0 | FN19: =FL19*FM19 -> 0 | FO19: =FI19-FL19 -> 0 | FP19: =FJ19-FM19 -> 0 | FQ19: =FK19-FN19 -> 0 | FT19: =FR19*FS19 -> 0 | FW19: =FU19*FV19 -> 0 | FX19: =FR19-FU19 -> 0 | FY19: =FS19-FV19 -> 0 | FZ19: =FT19-FW19 -> 0 | GC19: =GA19*GB19 -> 0 | GF19: =GD19*GE19 -> 0 | GG19: =GA19-GD19 -> 0 | GH19: =GB19-GE19 -> 0 | GI19: =GC19-GF19 -> 0 | GJ19: =FI19+FR19+GA19 -> 0 | GK19: =IF(GL19,GL19/GJ19,0) -> 0 | GL19: =FK19+FT19+GC19 -> 0 | GM19: =FL19+FU19+GD19 -> 0 | GN19: =IF(GO19,GO19/GM19,0) -> 0 | GO19: =FN19+FW19+GF19 -> 0 | GP19: =GJ19-GM19 -> 0 | GQ19: =GK19-GN19 -> 0 | GR19: =GL19-GO19 -> 0 | GU19: =GS19*GT19 -> 0 | GX19: =GV19*GW19 -> 0 | GY19: =GS19-GV19 -> 0 | GZ19: =GT19-GW19 -> 0 | HA19: =GU19-GX19 -> 0 | HD19: =HB19*HC19 -> 0 | HG19: =HE19*HF19 -> 0 | HH19: =HB19-HE19 -> 0 | HI19: =HC19-HF19 -> 0 | HJ19: =HD19-HG19 -> 0 | HM19: =HK19*HL19 -> 0 | HP19: =HN19*HO19 -> 0 | HQ19: =HK19-HN19 -> 0 | HR19: =HL19-HO19 -> 0 | HS19: =HM19-HP19 -> 0 | HT19: =GS19+HB19+HK19 -> 0 | HU19: =IF(HV19,HV19/HT19,0) -> 0 | HV19: =GU19+HD19+HM19 -> 0 | HW19: =GV19+HE19+HN19 -> 0 | HX19: =IF(HY19,HY19/HW19,0) -> 0 | HY19: =GX19+HG19+HP19 -> 0 | HZ19: =HT19-HW19 -> 0 | IA19: =HU19-HX19 -> 0 | IB19: =HV19-HY19 -> 0 | IE19: =IC19*ID19 -> 0 | IH19: =IF19*IG19 -> 0 | II19: =IC19-IF19 -> 0 | IJ19: =ID19-IG19 -> 0 | IK19: =IE19-IH19 -> 0 | IN19: =IL19*IM19 -> 0 | IQ19: =IO19*IP19 -> 0 | IR19: =IL19-IO19 -> 0 | IS19: =IM19-IP19 -> 0 | IT19: =IN19-IQ19 -> 0 | IW19: =IU19*IV19 -> 0 | IZ19: =IX19*IY19 -> 0 | JA19: =IU19-IX19 -> 0 | JB19: =IV19-IY19 -> 0 | JC19: =IW19-IZ19 -> 0 | JD19: =IC19+IL19+IU19 -> 0 | JE19: =IF(JF19,JF19/JD19,0) -> 0 | JF19: =IE19+IN19+IW19 -> 0 | JG19: =IF19+IO19+IX19 -> 0 | JH19: =IF(JI19,JI19/JG19,0) -> 0 | JI19: =IH19+IQ19+IZ19 -> 0 | JJ19: =JD19-JG19 -> 0 | JK19: =JE19-JH19 -> 0 | JL19: =JF19-JI19 -> 0 | JO19: =JM19*JN19 -> 0 | JR19: =JP19*JQ19 -> 0 | JS19: =JM19-JP19 -> 0 | JT19: =JN19-JQ19 -> 0 | JU19: =JO19-JR19 -> 0 | JX19: =JV19*JW19 -> 0 | KA19: =JY19*JZ19 -> 0 | KB19: =JV19-JY19 -> 0 | KC19: =JW19-JZ19 -> 0 | KD19: =JX19-KA19 -> 0 | KG19: =KE19*KF19 -> 0 | KJ19: =KH19*KI19 -> 0 | KK19: =KE19-KH19 -> 0 | KL19: =KF19-KI19 -> 0 | KM19: =KG19-KJ19 -> 0 | KN19: =JM19+JV19+KE19 -> 0 | KO19: =IF(KP19,KP19/KN19,0) -> 0 | KP19: =JO19+JX19+KG19 -> 0 | KQ19: =JP19+JY19+KH19 -> 0 | KR19: =IF(KS19,KS19/KQ19,0) -> 0 | KS19: =JR19+KA19+KJ19 -> 0 | KT19: =KN19-KQ19 -> 0 | KU19: =KO19-KR19 -> 0 | KV19: =KP19-KS19 -> 0 | KW19: =GJ19+HT19+JD19+KN19 -> 0 | KX19: =IF(KY19,KY19/KW19,0) -> 0 | KY19: =GL19+HV19+JF19+KP19 -> 0 | KZ19: =GM19+HW19+JG19+KQ19 -> 0 | LA19: =IF(LB19,LB19/KZ19,0) -> 0 | LB19: =GO19+HY19+JI19+KS19 -> 0 | LC19: =KW19-KZ19 -> 0 | LD19: =KX19-LA19 -> 0 | LE19: =KY19-LB19 -> 0
B20: NXB111 Total | G20: =SUBTOTAL(9,G14:G19) -> 0 | I20: =SUBTOTAL(9,I14:I19) -> 0 | J20: =SUBTOTAL(9,J14:J19) -> 0 | L20: =SUBTOTAL(9,L14:L19) -> 0 | M20: =SUBTOTAL(9,M14:M19) -> 0 | O20: =SUBTOTAL(9,O14:O19) -> 0 | P20: =SUBTOTAL(9,P14:P19) -> 0 | R20: =SUBTOTAL(9,R14:R19) -> 0 | S20: =SUBTOTAL(9,S14:S19) -> 0 | U20: =SUBTOTAL(9,U14:U19) -> 0 | V20: =SUBTOTAL(9,V14:V19) -> 0 | X20: =SUBTOTAL(9,X14:X19) -> 0 | Y20: =SUBTOTAL(9,Y14:Y19) -> 0 | AA20: =SUBTOTAL(9,AA14:AA19) -> 0 | AB20: =SUBTOTAL(9,AB14:AB19) -> 0 | AD20: =SUBTOTAL(9,AD14:AD19) -> 0 | AE20: =SUBTOTAL(9,AE14:AE19) -> 0 | AG20: =SUBTOTAL(9,AG14:AG19) -> 0 | AH20: =SUBTOTAL(9,AH14:AH19) -> 0 | AI20: =IF(AJ20,AJ20/AH20,"") | AJ20: =SUBTOTAL(9,AJ14:AJ19) -> 0 | AK20: =SUBTOTAL(9,AK14:AK19) -> 0 | AL20: =IF(AM20,AM20/AK20,"") | AM20: =SUBTOTAL(9,AM14:AM19) -> 0 | AN20: =SUBTOTAL(9,AN14:AN19) -> 0 | AP20: =SUBTOTAL(9,AP14:AP19) -> 0 | AQ20: =SUBTOTAL(9,AQ14:AQ19) -> 0 | AS20: =SUBTOTAL(9,AS14:AS19) -> 0 | AT20: =SUBTOTAL(9,AT14:AT19) -> 0 | AV20: =SUBTOTAL(9,AV14:AV19) -> 0 | AW20: =SUBTOTAL(9,AW14:AW19) -> 0 | AY20: =SUBTOTAL(9,AY14:AY19) -> 0 | AZ20: =SUBTOTAL(9,AZ14:AZ19) -> 0 | BB20: =SUBTOTAL(9,BB14:BB19) -> 0 | BC20: =SUBTOTAL(9,BC14:BC19) -> 0 | BE20: =SUBTOTAL(9,BE14:BE19) -> 0 | BF20: =SUBTOTAL(9,BF14:BF19) -> 0 | BH20: =SUBTOTAL(9,BH14:BH19) -> 0 | BI20: =SUBTOTAL(9,BI14:BI19) -> 0 | BK20: =SUBTOTAL(9,BK14:BK19) -> 0 | BL20: =SUBTOTAL(9,BL14:BL19) -> 0 | BN20: =SUBTOTAL(9,BN14:BN19) -> 0 | BO20: =SUBTOTAL(9,BO14:BO19) -> 0 | BQ20: =SUBTOTAL(9,BQ14:BQ19) -> 0 | BR20: =SUBTOTAL(9,BR14:BR19) -> 0 | BS20: =IF(BT20,BT20/BR20,"") | BT20: =SUBTOTAL(9,BT14:BT19) -> 0 | BU20: =SUBTOTAL(9,BU14:BU19) -> 0 | BV20: =IF(BW20,BW20/BU20,"") | BW20: =SUBTOTAL(9,BW14:BW19) -> 0 | BX20: =SUBTOTAL(9,BX14:BX19) -> 0 | BZ20: =SUBTOTAL(9,BZ14:BZ19) -> 0 | CA20: =SUBTOTAL(9,CA14:CA19) -> 0 | CC20: =SUBTOTAL(9,CC14:CC19) -> 0 | CD20: =SUBTOTAL(9,CD14:CD19) -> 0 | CF20: =SUBTOTAL(9,CF14:CF19) -> 0 | CG20: =SUBTOTAL(9,CG14:CG19) -> 0 | CI20: =SUBTOTAL(9,CI14:CI19) -> 0 | CJ20: =SUBTOTAL(9,CJ14:CJ19) -> 0 | CL20: =SUBTOTAL(9,CL14:CL19) -> 0 | CM20: =SUBTOTAL(9,CM14:CM19) -> 0 | CO20: =SUBTOTAL(9,CO14:CO19) -> 0 | CP20: =SUBTOTAL(9,CP14:CP19) -> 0 | CR20: =SUBTOTAL(9,CR14:CR19) -> 0 | CS20: =SUBTOTAL(9,CS14:CS19) -> 0 | CU20: =SUBTOTAL(9,CU14:CU19) -> 0 | CV20: =SUBTOTAL(9,CV14:CV19) -> 0 | CX20: =SUBTOTAL(9,CX14:CX19) -> 0 | CY20: =SUBTOTAL(9,CY14:CY19) -> 0 | DA20: =SUBTOTAL(9,DA14:DA19) -> 0 | DB20: =SUBTOTAL(9,DB14:DB19) -> 0 | DC20: =IF(DD20,DD20/DB20,"") | DD20: =SUBTOTAL(9,DD14:DD19) -> 0 | DE20: =SUBTOTAL(9,DE14:DE19) -> 0 | DF20: =IF(DG20,DG20/DE20,"") | DG20: =SUBTOTAL(9,DG14:DG19) -> 0 | DH20: =SUBTOTAL(9,DH14:DH19) -> 0 | DJ20: =SUBTOTAL(9,DJ14:DJ19) -> 0 | DK20: =SUBTOTAL(9,DK14:DK19) -> 0 | DM20: =SUBTOTAL(9,DM14:DM19) -> 0 | DN20: =SUBTOTAL(9,DN14:DN19) -> 0 | DP20: =SUBTOTAL(9,DP14:DP19) -> 0 | DQ20: =SUBTOTAL(9,DQ14:DQ19) -> 0 | DS20: =SUBTOTAL(9,DS14:DS19) -> 0 | DT20: =SUBTOTAL(9,DT14:DT19) -> 0 | DV20: =SUBTOTAL(9,DV14:DV19) -> 0 | DW20: =SUBTOTAL(9,DW14:DW19) -> 0 | DY20: =SUBTOTAL(9,DY14:DY19) -> 0 | DZ20: =SUBTOTAL(9,DZ14:DZ19) -> 0 | EB20: =SUBTOTAL(9,EB14:EB19) -> 0 | EC20: =SUBTOTAL(9,EC14:EC19) -> 0 | EE20: =SUBTOTAL(9,EE14:EE19) -> 0 | EF20: =SUBTOTAL(9,EF14:EF19) -> 0 | EH20: =SUBTOTAL(9,EH14:EH19) -> 0 | EI20: =SUBTOTAL(9,EI14:EI19) -> 0 | EK20: =SUBTOTAL(9,EK14:EK19) -> 0 | EL20: =SUBTOTAL(9,EL14:EL19) -> 0 | EM20: =IF(EN20,EN20/EL20,"") | EN20: =SUBTOTAL(9,EN14:EN19) -> 0 | EO20: =SUBTOTAL(9,EO14:EO19) -> 0 | EP20: =IF(EQ20,EQ20/EO20,"") | EQ20: =SUBTOTAL(9,EQ14:EQ19) -> 0 | ER20: =SUBTOTAL(9,ER14:ER19) -> 0 | ET20: =SUBTOTAL(9,ET14:ET19) -> 0 | EU20: =SUBTOTAL(9,EU14:EU19) -> 0 | EV20: =IF(EW20,EW20/EU20,"") | EW20: =SUBTOTAL(9,EW14:EW19) -> 0 | EX20: =SUBTOTAL(9,EX14:EX19) -> 0 | EY20: =IF(EZ20,EZ20/EX20,"") | EZ20: =SUBTOTAL(9,EZ14:EZ19) -> 0 | FA20: =SUBTOTAL(9,FA14:FA19) -> 0 | FC20: =SUBTOTAL(9,FC14:FC19) -> 0 | FE20: NXB111 Total | FI20: =SUBTOTAL(9,FI14:FI19) -> 0 | FK20: =SUBTOTAL(9,FK14:FK19) -> 0 | FL20: =SUBTOTAL(9,FL14:FL19) -> 0 | FN20: =SUBTOTAL(9,FN14:FN19) -> 0 | FO20: =SUBTOTAL(9,FO14:FO19) -> 0 | FQ20: =SUBTOTAL(9,FQ14:FQ19) -> 0 | FR20: =SUBTOTAL(9,FR14:FR19) -> 0 | FT20: =SUBTOTAL(9,FT14:FT19) -> 0 | FU20: =SUBTOTAL(9,FU14:FU19) -> 0 | FW20: =SUBTOTAL(9,FW14:FW19) -> 0 | FX20: =SUBTOTAL(9,FX14:FX19) -> 0 | FZ20: =SUBTOTAL(9,FZ14:FZ19) -> 0 | GA20: =SUBTOTAL(9,GA14:GA19) -> 0 | GC20: =SUBTOTAL(9,GC14:GC19) -> 0 | GD20: =SUBTOTAL(9,GD14:GD19) -> 0 | GF20: =SUBTOTAL(9,GF14:GF19) -> 0 | GG20: =SUBTOTAL(9,GG14:GG19) -> 0 | GI20: =SUBTOTAL(9,GI14:GI19) -> 0 | GJ20: =SUBTOTAL(9,GJ14:GJ19) -> 0 | GK20: =IF(GL20,GL20/GJ20,"") | GL20: =SUBTOTAL(9,GL14:GL19) -> 0 | GM20: =SUBTOTAL(9,GM14:GM19) -> 0 | GN20: =IF(GO20,GO20/GM20,"") | GO20: =SUBTOTAL(9,GO14:GO19) -> 0 | GP20: =SUBTOTAL(9,GP14:GP19) -> 0 | GR20: =SUBTOTAL(9,GR14:GR19) -> 0 | GS20: =SUBTOTAL(9,GS14:GS19) -> 0 | GU20: =SUBTOTAL(9,GU14:GU19) -> 0 | GV20: =SUBTOTAL(9,GV14:GV19) -> 0 | GX20: =SUBTOTAL(9,GX14:GX19) -> 0 | GY20: =SUBTOTAL(9,GY14:GY19) -> 0 | HA20: =SUBTOTAL(9,HA14:HA19) -> 0 | HB20: =SUBTOTAL(9,HB14:HB19) -> 0 | HD20: =SUBTOTAL(9,HD14:HD19) -> 0 | HE20: =SUBTOTAL(9,HE14:HE19) -> 0 | HG20: =SUBTOTAL(9,HG14:HG19) -> 0 | HH20: =SUBTOTAL(9,HH14:HH19) -> 0 | HJ20: =SUBTOTAL(9,HJ14:HJ19) -> 0 | HK20: =SUBTOTAL(9,HK14:HK19) -> 0 | HM20: =SUBTOTAL(9,HM14:HM19) -> 0 | HN20: =SUBTOTAL(9,HN14:HN19) -> 0 | HP20: =SUBTOTAL(9,HP14:HP19) -> 0 | HQ20: =SUBTOTAL(9,HQ14:HQ19) -> 0 | HS20: =SUBTOTAL(9,HS14:HS19) -> 0 | HT20: =SUBTOTAL(9,HT14:HT19) -> 0 | HU20: =IF(HV20,HV20/HT20,"") | HV20: =SUBTOTAL(9,HV14:HV19) -> 0 | HW20: =SUBTOTAL(9,HW14:HW19) -> 0 | HX20: =IF(HY20,HY20/HW20,"") | HY20: =SUBTOTAL(9,HY14:HY19) -> 0 | HZ20: =SUBTOTAL(9,HZ14:HZ19) -> 0 | IB20: =SUBTOTAL(9,IB14:IB19) -> 0 | IC20: =SUBTOTAL(9,IC14:IC19) -> 0 | IE20: =SUBTOTAL(9,IE14:IE19) -> 0 | IF20: =SUBTOTAL(9,IF14:IF19) -> 0 | IH20: =SUBTOTAL(9,IH14:IH19) -> 0 | II20: =SUBTOTAL(9,II14:II19) -> 0 | IK20: =SUBTOTAL(9,IK14:IK19) -> 0 | IL20: =SUBTOTAL(9,IL14:IL19) -> 0 | IN20: =SUBTOTAL(9,IN14:IN19) -> 0 | IO20: =SUBTOTAL(9,IO14:IO19) -> 0 | IQ20: =SUBTOTAL(9,IQ14:IQ19) -> 0 | IR20: =SUBTOTAL(9,IR14:IR19) -> 0 | IT20: =SUBTOTAL(9,IT14:IT19) -> 0 | IU20: =SUBTOTAL(9,IU14:IU19) -> 0 | IW20: =SUBTOTAL(9,IW14:IW19) -> 0 | IX20: =SUBTOTAL(9,IX14:IX19) -> 0 | IZ20: =SUBTOTAL(9,IZ14:IZ19) -> 0 | JA20: =SUBTOTAL(9,JA14:JA19) -> 0 | JC20: =SUBTOTAL(9,JC14:JC19) -> 0 | JD20: =SUBTOTAL(9,JD14:JD19) -> 0 | JE20: =IF(JF20,JF20/JD20,"") | JF20: =SUBTOTAL(9,JF14:JF19) -> 0 | JG20: =SUBTOTAL(9,JG14:JG19) -> 0 | JH20: =IF(JI20,JI20/JG20,"") | JI20: =SUBTOTAL(9,JI14:JI19) -> 0 | JJ20: =SUBTOTAL(9,JJ14:JJ19) -> 0 | JL20: =SUBTOTAL(9,JL14:JL19) -> 0 | JM20: =SUBTOTAL(9,JM14:JM19) -> 0 | JO20: =SUBTOTAL(9,JO14:JO19) -> 0 | JP20: =SUBTOTAL(9,JP14:JP19) -> 0 | JR20: =SUBTOTAL(9,JR14:JR19) -> 0 | JS20: =SUBTOTAL(9,JS14:JS19) -> 0 | JU20: =SUBTOTAL(9,JU14:JU19) -> 0 | JV20: =SUBTOTAL(9,JV14:JV19) -> 0 | JX20: =SUBTOTAL(9,JX14:JX19) -> 0 | JY20: =SUBTOTAL(9,JY14:JY19) -> 0 | KA20: =SUBTOTAL(9,KA14:KA19) -> 0 | KB20: =SUBTOTAL(9,KB14:KB19) -> 0 | KD20: =SUBTOTAL(9,KD14:KD19) -> 0 | KE20: =SUBTOTAL(9,KE14:KE19) -> 0 | KG20: =SUBTOTAL(9,KG14:KG19) -> 0 | KH20: =SUBTOTAL(9,KH14:KH19) -> 0 | KJ20: =SUBTOTAL(9,KJ14:KJ19) -> 0 | KK20: =SUBTOTAL(9,KK14:KK19) -> 0 | KM20: =SUBTOTAL(9,KM14:KM19) -> 0 | KN20: =SUBTOTAL(9,KN14:KN19) -> 0 | KO20: =IF(KP20,KP20/KN20,"") | KP20: =SUBTOTAL(9,KP14:KP19) -> 0 | KQ20: =SUBTOTAL(9,KQ14:KQ19) -> 0 | KR20: =IF(KS20,KS20/KQ20,"") | KS20: =SUBTOTAL(9,KS14:KS19) -> 0 | KT20: =SUBTOTAL(9,KT14:KT19) -> 0 | KV20: =SUBTOTAL(9,KV14:KV19) -> 0 | KW20: =SUBTOTAL(9,KW14:KW19) -> 0 | KX20: =IF(KY20,KY20/KW20,"") | KY20: =SUBTOTAL(9,KY14:KY19) -> 0 | KZ20: =SUBTOTAL(9,KZ14:KZ19) -> 0 | LA20: =IF(LB20,LB20/KZ20,"") | LB20: =SUBTOTAL(9,LB14:LB19) -> 0 | LC20: =SUBTOTAL(9,LC14:LC19) -> 0 | LE20: =SUBTOTAL(9,LE14:LE19) -> 0
B21: MTV819AQR | C21: MFINS (ARTVIEW) | E21: MTV | F21: K | I21: =G21*H21 -> 0 | L21: =J21*K21 -> 0 | M21: =G21-J21 -> 0 | N21: =H21-K21 -> 0 | O21: =I21-L21 -> 0 | R21: =P21*Q21 -> 0 | U21: =S21*T21 -> 0 | V21: =P21-S21 -> 0 | W21: =Q21-T21 -> 0 | X21: =R21-U21 -> 0 | AA21: =Y21*Z21 -> 0 | AD21: =AB21*AC21 -> 0 | AE21: =Y21-AB21 -> 0 | AF21: =Z21-AC21 -> 0 | AG21: =AA21-AD21 -> 0 | AH21: =G21+P21+Y21 -> 0 | AI21: =IF(AJ21,AJ21/AH21,0) -> 0 | AJ21: =I21+R21+AA21 -> 0 | AK21: =J21+S21+AB21 -> 0 | AL21: =IF(AM21,AM21/AK21,0) -> 0 | AM21: =L21+U21+AD21 -> 0 | AN21: =AH21-AK21 -> 0 | AO21: =AI21-AL21 -> 0 | AP21: =AJ21-AM21 -> 0 | AS21: =AQ21*AR21 -> 0 | AV21: =AT21*AU21 -> 0 | AW21: =AQ21-AT21 -> 0 | AX21: =AR21-AU21 -> 0 | AY21: =AS21-AV21 -> 0 | BB21: =AZ21*BA21 -> 0 | BE21: =BC21*BD21 -> 0 | BF21: =AZ21-BC21 -> 0 | BG21: =BA21-BD21 -> 0 | BH21: =BB21-BE21 -> 0 | BK21: =BI21*BJ21 -> 0 | BN21: =BL21*BM21 -> 0 | BO21: =BI21-BL21 -> 0 | BP21: =BJ21-BM21 -> 0 | BQ21: =BK21-BN21 -> 0 | BR21: =AQ21+AZ21+BI21 -> 0 | BS21: =IF(BT21,BT21/BR21,0) -> 0 | BT21: =AS21+BB21+BK21 -> 0 | BU21: =AT21+BC21+BL21 -> 0 | BV21: =IF(BW21,BW21/BU21,0) -> 0 | BW21: =AV21+BE21+BN21 -> 0 | BX21: =BR21-BU21 -> 0 | BY21: =BS21-BV21 -> 0 | BZ21: =BT21-BW21 -> 0 | CC21: =CA21*CB21 -> 0 | CF21: =CD21*CE21 -> 0 | CI21: =CC21-CF21 -> 0 | CL21: =CJ21*CK21 -> 0 | CO21: =CM21*CN21 -> 0 | CP21: =CJ21-CM21 -> 0 | CQ21: =CK21-CN21 -> 0 | CR21: =CL21-CO21 -> 0 | CU21: =CS21*CT21 -> 0 | CX21: =CV21*CW21 -> 0 | CY21: =CS21-CV21 -> 0 | CZ21: =CT21-CW21 -> 0 | DA21: =CU21-CX21 -> 0 | DB21: =CA21+CJ21+CS21 -> 0 | DC21: =IF(DD21,DD21/DB21,0) -> 0 | DD21: =CC21+CL21+CU21 -> 0 | DE21: =CD21+CM21+CV21 -> 0 | DF21: =IF(DG21,DG21/DE21,0) -> 0 | DG21: =CF21+CO21+CX21 -> 0 | DH21: =DB21-DE21 -> 0 | DI21: =DC21-DF21 -> 0 | DJ21: =DD21-DG21 -> 0 | DM21: =DK21*DL21 -> 0 | DP21: =DN21*DO21 -> 0 | DQ21: =DK21-DN21 -> 0 | DR21: =DL21-DO21 -> 0 | DS21: =DM21-DP21 -> 0 | DV21: =DT21*DU21 -> 0 | DY21: =DW21*DX21 -> 0 | DZ21: =DT21-DW21 -> 0 | EA21: =DU21-DX21 -> 0 | EB21: =DV21-DY21 -> 0 | EE21: =EC21*ED21 -> 0 | EH21: =EF21*EG21 -> 0 | EI21: =EC21-EF21 -> 0 | EJ21: =ED21-EG21 -> 0 | EK21: =EE21-EH21 -> 0 | EL21: =DK21+DT21+EC21 -> 0 | EM21: =IF(EN21,EN21/EL21,0) -> 0 | EN21: =DM21+DV21+EE21 -> 0 | EO21: =DN21+DW21+EF21 -> 0 | EP21: =IF(EQ21,EQ21/EO21,0) -> 0 | EQ21: =DP21+DY21+EH21 -> 0 | ER21: =EL21-EO21 -> 0 | ES21: =EM21-EP21 -> 0 | ET21: =EN21-EQ21 -> 0 | EU21: =AH21+BR21+DB21+EL21 -> 0 | EV21: =IF(EW21,EW21/EU21,0) -> 0 | EW21: =AJ21+BT21+DD21+EN21 -> 0 | EX21: =AK21+BU21+DE21+EO21 -> 0 | EY21: =IF(EZ21,EZ21/EX21,0) -> 0 | EZ21: =AM21+BW21+DG21+EQ21 -> 0 | FA21: =EU21-EX21 -> 0 | FB21: =EV21-EY21 -> 0 | FC21: =EW21-EZ21 -> 0 | FE21: MTV819AQR | FF21: ARTVIEW | FH21: K | FK21: =FI21*FJ21 -> 0 | FN21: =FL21*FM21 -> 0 | FO21: =FI21-FL21 -> 0 | FP21: =FJ21-FM21 -> 0 | FQ21: =FK21-FN21 -> 0 | FT21: =FR21*FS21 -> 0 | FW21: =FU21*FV21 -> 0 | FX21: =FR21-FU21 -> 0 | FY21: =FS21-FV21 -> 0 | FZ21: =FT21-FW21 -> 0 | GC21: =GA21*GB21 -> 0 | GF21: =GD21*GE21 -> 0 | GG21: =GA21-GD21 -> 0 | GH21: =GB21-GE21 -> 0 | GI21: =GC21-GF21 -> 0 | GJ21: =FI21+FR21+GA21 -> 0 | GK21: =IF(GL21,GL21/GJ21,0) -> 0 | GL21: =FK21+FT21+GC21 -> 0 | GM21: =FL21+FU21+GD21 -> 0 | GN21: =IF(GO21,GO21/GM21,0) -> 0 | GO21: =FN21+FW21+GF21 -> 0 | GP21: =GJ21-GM21 -> 0 | GQ21: =GK21-GN21 -> 0 | GR21: =GL21-GO21 -> 0 | GU21: =GS21*GT21 -> 0 | GX21: =GV21*GW21 -> 0 | GY21: =GS21-GV21 -> 0 | GZ21: =GT21-GW21 -> 0 | HA21: =GU21-GX21 -> 0 | HD21: =HB21*HC21 -> 0 | HG21: =HE21*HF21 -> 0 | HH21: =HB21-HE21 -> 0 | HI21: =HC21-HF21 -> 0 | HJ21: =HD21-HG21 -> 0 | HM21: =HK21*HL21 -> 0 | HP21: =HN21*HO21 -> 0 | HQ21: =HK21-HN21 -> 0 | HR21: =HL21-HO21 -> 0 | HS21: =HM21-HP21 -> 0 | HT21: =GS21+HB21+HK21 -> 0 | HU21: =IF(HV21,HV21/HT21,0) -> 0 | HV21: =GU21+HD21+HM21 -> 0 | HW21: =GV21+HE21+HN21 -> 0 | HX21: =IF(HY21,HY21/HW21,0) -> 0 | HY21: =GX21+HG21+HP21 -> 0 | HZ21: =HT21-HW21 -> 0 | IA21: =HU21-HX21 -> 0 | IB21: =HV21-HY21 -> 0 | IE21: =IC21*ID21 -> 0 | IH21: =IF21*IG21 -> 0 | IK21: =IE21-IH21 -> 0 | IN21: =IL21*IM21 -> 0 | IQ21: =IO21*IP21 -> 0 | IR21: =IL21-IO21 -> 0 | IS21: =IM21-IP21 -> 0 | IT21: =IN21-IQ21 -> 0 | IW21: =IU21*IV21 -> 0 | IZ21: =IX21*IY21 -> 0 | JA21: =IU21-IX21 -> 0 | JB21: =IV21-IY21 -> 0 | JC21: =IW21-IZ21 -> 0 | JD21: =IC21+IL21+IU21 -> 0 | JE21: =IF(JF21,JF21/JD21,0) -> 0 | JF21: =IE21+IN21+IW21 -> 0 | JG21: =IF21+IO21+IX21 -> 0 | JH21: =IF(JI21,JI21/JG21,0) -> 0 | JI21: =IH21+IQ21+IZ21 -> 0 | JJ21: =JD21-JG21 -> 0 | JK21: =JE21-JH21 -> 0 | JL21: =JF21-JI21 -> 0 | JO21: =JM21*JN21 -> 0 | JR21: =JP21*JQ21 -> 0 | JS21: =JM21-JP21 -> 0 | JT21: =JN21-JQ21 -> 0 | JU21: =JO21-JR21 -> 0 | JX21: =JV21*JW21 -> 0 | KA21: =JY21*JZ21 -> 0 | KB21: =JV21-JY21 -> 0 | KC21: =JW21-JZ21 -> 0 | KD21: =JX21-KA21 -> 0 | KG21: =KE21*KF21 -> 0 | KJ21: =KH21*KI21 -> 0 | KK21: =KE21-KH21 -> 0 | KL21: =KF21-KI21 -> 0 | KM21: =KG21-KJ21 -> 0 | KN21: =JM21+JV21+KE21 -> 0 | KO21: =IF(KP21,KP21/KN21,0) -> 0 | KP21: =JO21+JX21+KG21 -> 0 | KQ21: =JP21+JY21+KH21 -> 0 | KR21: =IF(KS21,KS21/KQ21,0) -> 0 | KS21: =JR21+KA21+KJ21 -> 0 | KT21: =KN21-KQ21 -> 0 | KU21: =KO21-KR21 -> 0 | KV21: =KP21-KS21 -> 0 | KW21: =GJ21+HT21+JD21+KN21 -> 0 | KX21: =IF(KY21,KY21/KW21,0) -> 0 | KY21: =GL21+HV21+JF21+KP21 -> 0 | KZ21: =GM21+HW21+JG21+KQ21 -> 0 | LA21: =IF(LB21,LB21/KZ21,0) -> 0 | LB21: =GO21+HY21+JI21+KS21 -> 0 | LC21: =KW21-KZ21 -> 0 | LD21: =KX21-LA21 -> 0 | LE21: =KY21-LB21 -> 0
B22: MTV819AQR | C22: MCOSOFT (MCORESYS) | E22: MTV | F22: K | I22: =G22*H22 -> 0 | L22: =J22*K22 -> 0 | M22: =G22-J22 -> 0 | N22: =H22-K22 -> 0 | O22: =I22-L22 -> 0 | R22: =P22*Q22 -> 0 | U22: =S22*T22 -> 0 | V22: =P22-S22 -> 0 | W22: =Q22-T22 -> 0 | X22: =R22-U22 -> 0 | AA22: =Y22*Z22 -> 0 | AD22: =AB22*AC22 -> 0 | AE22: =Y22-AB22 -> 0 | AF22: =Z22-AC22 -> 0 | AG22: =AA22-AD22 -> 0 | AH22: =G22+P22+Y22 -> 0 | AI22: =IF(AJ22,AJ22/AH22,0) -> 0 | AJ22: =I22+R22+AA22 -> 0 | AK22: =J22+S22+AB22 -> 0 | AL22: =IF(AM22,AM22/AK22,0) -> 0 | AM22: =L22+U22+AD22 -> 0 | AN22: =AH22-AK22 -> 0 | AO22: =AI22-AL22 -> 0 | AP22: =AJ22-AM22 -> 0 | AS22: =AQ22*AR22 -> 0 | AV22: =AT22*AU22 -> 0 | AW22: =AQ22-AT22 -> 0 | AX22: =AR22-AU22 -> 0 | AY22: =AS22-AV22 -> 0 | BB22: =AZ22*BA22 -> 0 | BE22: =BC22*BD22 -> 0 | BF22: =AZ22-BC22 -> 0 | BG22: =BA22-BD22 -> 0 | BH22: =BB22-BE22 -> 0 | BK22: =BI22*BJ22 -> 0 | BN22: =BL22*BM22 -> 0 | BO22: =BI22-BL22 -> 0 | BP22: =BJ22-BM22 -> 0 | BQ22: =BK22-BN22 -> 0 | BR22: =AQ22+AZ22+BI22 -> 0 | BS22: =IF(BT22,BT22/BR22,0) -> 0 | BT22: =AS22+BB22+BK22 -> 0 | BU22: =AT22+BC22+BL22 -> 0 | BV22: =IF(BW22,BW22/BU22,0) -> 0 | BW22: =AV22+BE22+BN22 -> 0 | BX22: =BR22-BU22 -> 0 | BY22: =BS22-BV22 -> 0 | BZ22: =BT22-BW22 -> 0 | CC22: =CA22*CB22 -> 0 | CF22: =CD22*CE22 -> 0 | CG22: =CA22-CD22 -> 0 | CH22: =CB22-CE22 -> 0 | CI22: =CC22-CF22 -> 0 | CL22: =CJ22*CK22 -> 0 | CO22: =CM22*CN22 -> 0 | CP22: =CJ22-CM22 -> 0 | CQ22: =CK22-CN22 -> 0 | CR22: =CL22-CO22 -> 0 | CU22: =CS22*CT22 -> 0 | CX22: =CV22*CW22 -> 0 | CY22: =CS22-CV22 -> 0 | CZ22: =CT22-CW22 -> 0 | DA22: =CU22-CX22 -> 0 | DB22: =CA22+CJ22+CS22 -> 0 | DC22: =IF(DD22,DD22/DB22,0) -> 0 | DD22: =CC22+CL22+CU22 -> 0 | DE22: =CD22+CM22+CV22 -> 0 | DF22: =IF(DG22,DG22/DE22,0) -> 0 | DG22: =CF22+CO22+CX22 -> 0 | DH22: =DB22-DE22 -> 0 | DI22: =DC22-DF22 -> 0 | DJ22: =DD22-DG22 -> 0 | DM22: =DK22*DL22 -> 0 | DP22: =DN22*DO22 -> 0 | DQ22: =DK22-DN22 -> 0 | DR22: =DL22-DO22 -> 0 | DS22: =DM22-DP22 -> 0 | DV22: =DT22*DU22 -> 0 | DY22: =DW22*DX22 -> 0 | DZ22: =DT22-DW22 -> 0 | EA22: =DU22-DX22 -> 0 | EB22: =DV22-DY22 -> 0 | EE22: =EC22*ED22 -> 0 | EH22: =EF22*EG22 -> 0 | EI22: =EC22-EF22 -> 0 | EJ22: =ED22-EG22 -> 0 | EK22: =EE22-EH22 -> 0 | EL22: =DK22+DT22+EC22 -> 0 | EM22: =IF(EN22,EN22/EL22,0) -> 0 | EN22: =DM22+DV22+EE22 -> 0 | EO22: =DN22+DW22+EF22 -> 0 | EP22: =IF(EQ22,EQ22/EO22,0) -> 0 | EQ22: =DP22+DY22+EH22 -> 0 | ER22: =EL22-EO22 -> 0 | ES22: =EM22-EP22 -> 0 | ET22: =EN22-EQ22 -> 0 | EU22: =AH22+BR22+DB22+EL22 -> 0 | EV22: =IF(EW22,EW22/EU22,0) -> 0 | EW22: =AJ22+BT22+DD22+EN22 -> 0 | EX22: =AK22+BU22+DE22+EO22 -> 0 | EY22: =IF(EZ22,EZ22/EX22,0) -> 0 | EZ22: =AM22+BW22+DG22+EQ22 -> 0 | FA22: =EU22-EX22 -> 0 | FB22: =EV22-EY22 -> 0 | FC22: =EW22-EZ22 -> 0 | FE22: MTV819AQR | FF22: MOBIDIC | FH22: K | FK22: =FI22*FJ22 -> 0 | FN22: =FL22*FM22 -> 0 | FO22: =FI22-FL22 -> 0 | FP22: =FJ22-FM22 -> 0 | FQ22: =FK22-FN22 -> 0 | FT22: =FR22*FS22 -> 0 | FW22: =FU22*FV22 -> 0 | FX22: =FR22-FU22 -> 0 | FY22: =FS22-FV22 -> 0 | FZ22: =FT22-FW22 -> 0 | GC22: =GA22*GB22 -> 0 | GF22: =GD22*GE22 -> 0 | GG22: =GA22-GD22 -> 0 | GH22: =GB22-GE22 -> 0 | GI22: =GC22-GF22 -> 0 | GJ22: =FI22+FR22+GA22 -> 0 | GK22: =IF(GL22,GL22/GJ22,0) -> 0 | GL22: =FK22+FT22+GC22 -> 0 | GM22: =FL22+FU22+GD22 -> 0 | GN22: =IF(GO22,GO22/GM22,0) -> 0 | GO22: =FN22+FW22+GF22 -> 0 | GP22: =GJ22-GM22 -> 0 | GQ22: =GK22-GN22 -> 0 | GR22: =GL22-GO22 -> 0 | GU22: =GS22*GT22 -> 0 | GX22: =GV22*GW22 -> 0 | GY22: =GS22-GV22 -> 0 | GZ22: =GT22-GW22 -> 0 | HA22: =GU22-GX22 -> 0 | HD22: =HB22*HC22 -> 0 | HG22: =HE22*HF22 -> 0 | HH22: =HB22-HE22 -> 0 | HI22: =HC22-HF22 -> 0 | HJ22: =HD22-HG22 -> 0 | HM22: =HK22*HL22 -> 0 | HP22: =HN22*HO22 -> 0 | HQ22: =HK22-HN22 -> 0 | HR22: =HL22-HO22 -> 0 | HS22: =HM22-HP22 -> 0 | HT22: =GS22+HB22+HK22 -> 0 | HU22: =IF(HV22,HV22/HT22,0) -> 0 | HV22: =GU22+HD22+HM22 -> 0 | HW22: =GV22+HE22+HN22 -> 0 | HX22: =IF(HY22,HY22/HW22,0) -> 0 | HY22: =GX22+HG22+HP22 -> 0 | HZ22: =HT22-HW22 -> 0 | IA22: =HU22-HX22 -> 0 | IB22: =HV22-HY22 -> 0 | IE22: =IC22*ID22 -> 0 | IH22: =IF22*IG22 -> 0 | II22: =IC22-IF22 -> 0 | IJ22: =ID22-IG22 -> 0 | IK22: =IE22-IH22 -> 0 | IN22: =IL22*IM22 -> 0 | IQ22: =IO22*IP22 -> 0 | IR22: =IL22-IO22 -> 0 | IS22: =IM22-IP22 -> 0 | IT22: =IN22-IQ22 -> 0 | IW22: =IU22*IV22 -> 0 | IZ22: =IX22*IY22 -> 0 | JA22: =IU22-IX22 -> 0 | JB22: =IV22-IY22 -> 0 | JC22: =IW22-IZ22 -> 0 | JD22: =IC22+IL22+IU22 -> 0 | JE22: =IF(JF22,JF22/JD22,0) -> 0 | JF22: =IE22+IN22+IW22 -> 0 | JG22: =IF22+IO22+IX22 -> 0 | JH22: =IF(JI22,JI22/JG22,0) -> 0 | JI22: =IH22+IQ22+IZ22 -> 0 | JJ22: =JD22-JG22 -> 0 | JK22: =JE22-JH22 -> 0 | JL22: =JF22-JI22 -> 0 | JO22: =JM22*JN22 -> 0 | JR22: =JP22*JQ22 -> 0 | JS22: =JM22-JP22 -> 0 | JT22: =JN22-JQ22 -> 0 | JU22: =JO22-JR22 -> 0 | JX22: =JV22*JW22 -> 0 | KA22: =JY22*JZ22 -> 0 | KB22: =JV22-JY22 -> 0 | KC22: =JW22-JZ22 -> 0 | KD22: =JX22-KA22 -> 0 | KG22: =KE22*KF22 -> 0 | KJ22: =KH22*KI22 -> 0 | KK22: =KE22-KH22 -> 0 | KL22: =KF22-KI22 -> 0 | KM22: =KG22-KJ22 -> 0 | KN22: =JM22+JV22+KE22 -> 0 | KO22: =IF(KP22,KP22/KN22,0) -> 0 | KP22: =JO22+JX22+KG22 -> 0 | KQ22: =JP22+JY22+KH22 -> 0 | KR22: =IF(KS22,KS22/KQ22,0) -> 0 | KS22: =JR22+KA22+KJ22 -> 0 | KT22: =KN22-KQ22 -> 0 | KU22: =KO22-KR22 -> 0 | KV22: =KP22-KS22 -> 0 | KW22: =GJ22+HT22+JD22+KN22 -> 0 | KX22: =IF(KY22,KY22/KW22,0) -> 0 | KY22: =GL22+HV22+JF22+KP22 -> 0 | KZ22: =GM22+HW22+JG22+KQ22 -> 0 | LA22: =IF(LB22,LB22/KZ22,0) -> 0 | LB22: =GO22+HY22+JI22+KS22 -> 0 | LC22: =KW22-KZ22 -> 0 | LD22: =KX22-LA22 -> 0 | LE22: =KY22-LB22 -> 0
E23: MTV | I23: =G23*H23 -> 0 | L23: =J23*K23 -> 0 | M23: =G23-J23 -> 0 | N23: =H23-K23 -> 0 | O23: =I23-L23 -> 0 | R23: =P23*Q23 -> 0 | U23: =S23*T23 -> 0 | V23: =P23-S23 -> 0 | W23: =Q23-T23 -> 0 | X23: =R23-U23 -> 0 | AA23: =Y23*Z23 -> 0 | AD23: =AB23*AC23 -> 0 | AE23: =Y23-AB23 -> 0 | AF23: =Z23-AC23 -> 0 | AG23: =AA23-AD23 -> 0 | AH23: =G23+P23+Y23 -> 0 | AI23: =IF(AJ23,AJ23/AH23,0) -> 0 | AJ23: =I23+R23+AA23 -> 0 | AK23: =J23+S23+AB23 -> 0 | AL23: =IF(AM23,AM23/AK23,0) -> 0 | AM23: =L23+U23+AD23 -> 0 | AN23: =AH23-AK23 -> 0 | AO23: =AI23-AL23 -> 0 | AP23: =AJ23-AM23 -> 0 | AS23: =AQ23*AR23 -> 0 | AV23: =AT23*AU23 -> 0 | AW23: =AQ23-AT23 -> 0 | AX23: =AR23-AU23 -> 0 | AY23: =AS23-AV23 -> 0 | BB23: =AZ23*BA23 -> 0 | BE23: =BC23*BD23 -> 0 | BF23: =AZ23-BC23 -> 0 | BG23: =BA23-BD23 -> 0 | BH23: =BB23-BE23 -> 0 | BK23: =BI23*BJ23 -> 0 | BN23: =BL23*BM23 -> 0 | BO23: =BI23-BL23 -> 0 | BP23: =BJ23-BM23 -> 0 | BQ23: =BK23-BN23 -> 0 | BR23: =AQ23+AZ23+BI23 -> 0 | BS23: =IF(BT23,BT23/BR23,0) -> 0 | BT23: =AS23+BB23+BK23 -> 0 | BU23: =AT23+BC23+BL23 -> 0 | BV23: =IF(BW23,BW23/BU23,0) -> 0 | BW23: =AV23+BE23+BN23 -> 0 | BX23: =BR23-BU23 -> 0 | BY23: =BS23-BV23 -> 0 | BZ23: =BT23-BW23 -> 0 | CC23: =CA23*CB23 -> 0 | CF23: =CD23*CE23 -> 0 | CG23: =CA23-CD23 -> 0 | CH23: =CB23-CE23 -> 0 | CI23: =CC23-CF23 -> 0 | CL23: =CJ23*CK23 -> 0 | CO23: =CM23*CN23 -> 0 | CP23: =CJ23-CM23 -> 0 | CQ23: =CK23-CN23 -> 0 | CR23: =CL23-CO23 -> 0 | CU23: =CS23*CT23 -> 0 | CX23: =CV23*CW23 -> 0 | CY23: =CS23-CV23 -> 0 | CZ23: =CT23-CW23 -> 0 | DA23: =CU23-CX23 -> 0 | DB23: =CA23+CJ23+CS23 -> 0 | DC23: =IF(DD23,DD23/DB23,0) -> 0 | DD23: =CC23+CL23+CU23 -> 0 | DE23: =CD23+CM23+CV23 -> 0 | DF23: =IF(DG23,DG23/DE23,0) -> 0 | DG23: =CF23+CO23+CX23 -> 0 | DH23: =DB23-DE23 -> 0 | DI23: =DC23-DF23 -> 0 | DJ23: =DD23-DG23 -> 0 | DM23: =DK23*DL23 -> 0 | DP23: =DN23*DO23 -> 0 | DQ23: =DK23-DN23 -> 0 | DR23: =DL23-DO23 -> 0 | DS23: =DM23-DP23 -> 0 | DV23: =DT23*DU23 -> 0 | DY23: =DW23*DX23 -> 0 | DZ23: =DT23-DW23 -> 0 | EA23: =DU23-DX23 -> 0 | EB23: =DV23-DY23 -> 0 | EE23: =EC23*ED23 -> 0 | EH23: =EF23*EG23 -> 0 | EI23: =EC23-EF23 -> 0 | EJ23: =ED23-EG23 -> 0 | EK23: =EE23-EH23 -> 0 | EL23: =DK23+DT23+EC23 -> 0 | EM23: =IF(EN23,EN23/EL23,0) -> 0 | EN23: =DM23+DV23+EE23 -> 0 | EO23: =DN23+DW23+EF23 -> 0 | EP23: =IF(EQ23,EQ23/EO23,0) -> 0 | EQ23: =DP23+DY23+EH23 -> 0 | ER23: =EL23-EO23 -> 0 | ES23: =EM23-EP23 -> 0 | ET23: =EN23-EQ23 -> 0 | EU23: =AH23+BR23+DB23+EL23 -> 0 | EV23: =IF(EW23,EW23/EU23,0) -> 0 | EW23: =AJ23+BT23+DD23+EN23 -> 0 | EX23: =AK23+BU23+DE23+EO23 -> 0 | EY23: =IF(EZ23,EZ23/EX23,0) -> 0 | EZ23: =AM23+BW23+DG23+EQ23 -> 0 | FA23: =EU23-EX23 -> 0 | FB23: =EV23-EY23 -> 0 | FC23: =EW23-EZ23 -> 0 | FK23: =FI23*FJ23 -> 0 | FN23: =FL23*FM23 -> 0 | FO23: =FI23-FL23 -> 0 | FP23: =FJ23-FM23 -> 0 | FQ23: =FK23-FN23 -> 0 | FT23: =FR23*FS23 -> 0 | FW23: =FU23*FV23 -> 0 | FX23: =FR23-FU23 -> 0 | FY23: =FS23-FV23 -> 0 | FZ23: =FT23-FW23 -> 0 | GC23: =GA23*GB23 -> 0 | GF23: =GD23*GE23 -> 0 | GG23: =GA23-GD23 -> 0 | GH23: =GB23-GE23 -> 0 | GI23: =GC23-GF23 -> 0 | GJ23: =FI23+FR23+GA23 -> 0 | GK23: =IF(GL23,GL23/GJ23,0) -> 0 | GL23: =FK23+FT23+GC23 -> 0 | GM23: =FL23+FU23+GD23 -> 0 | GN23: =IF(GO23,GO23/GM23,0) -> 0 | GO23: =FN23+FW23+GF23 -> 0 | GP23: =GJ23-GM23 -> 0 | GQ23: =GK23-GN23 -> 0 | GR23: =GL23-GO23 -> 0 | GU23: =GS23*GT23 -> 0 | GX23: =GV23*GW23 -> 0 | GY23: =GS23-GV23 -> 0 | GZ23: =GT23-GW23 -> 0 | HA23: =GU23-GX23 -> 0 | HD23: =HB23*HC23 -> 0 | HG23: =HE23*HF23 -> 0 | HH23: =HB23-HE23 -> 0 | HI23: =HC23-HF23 -> 0 | HJ23: =HD23-HG23 -> 0 | HM23: =HK23*HL23 -> 0 | HP23: =HN23*HO23 -> 0 | HQ23: =HK23-HN23 -> 0 | HR23: =HL23-HO23 -> 0 | HS23: =HM23-HP23 -> 0 | HT23: =GS23+HB23+HK23 -> 0 | HU23: =IF(HV23,HV23/HT23,0) -> 0 | HV23: =GU23+HD23+HM23 -> 0 | HW23: =GV23+HE23+HN23 -> 0 | HX23: =IF(HY23,HY23/HW23,0) -> 0 | HY23: =GX23+HG23+HP23 -> 0 | HZ23: =HT23-HW23 -> 0 | IA23: =HU23-HX23 -> 0 | IB23: =HV23-HY23 -> 0 | IE23: =IC23*ID23 -> 0 | IH23: =IF23*IG23 -> 0 | II23: =IC23-IF23 -> 0 | IJ23: =ID23-IG23 -> 0 | IK23: =IE23-IH23 -> 0 | IN23: =IL23*IM23 -> 0 | IQ23: =IO23*IP23 -> 0 | IR23: =IL23-IO23 -> 0 | IS23: =IM23-IP23 -> 0 | IT23: =IN23-IQ23 -> 0 | IW23: =IU23*IV23 -> 0 | IZ23: =IX23*IY23 -> 0 | JA23: =IU23-IX23 -> 0 | JB23: =IV23-IY23 -> 0 | JC23: =IW23-IZ23 -> 0 | JD23: =IC23+IL23+IU23 -> 0 | JE23: =IF(JF23,JF23/JD23,0) -> 0 | JF23: =IE23+IN23+IW23 -> 0 | JG23: =IF23+IO23+IX23 -> 0 | JH23: =IF(JI23,JI23/JG23,0) -> 0 | JI23: =IH23+IQ23+IZ23 -> 0 | JJ23: =JD23-JG23 -> 0 | JK23: =JE23-JH23 -> 0 | JL23: =JF23-JI23 -> 0 | JO23: =JM23*JN23 -> 0 | JR23: =JP23*JQ23 -> 0 | JS23: =JM23-JP23 -> 0 | JT23: =JN23-JQ23 -> 0 | JU23: =JO23-JR23 -> 0 | JX23: =JV23*JW23 -> 0 | KA23: =JY23*JZ23 -> 0 | KB23: =JV23-JY23 -> 0 | KC23: =JW23-JZ23 -> 0 | KD23: =JX23-KA23 -> 0 | KG23: =KE23*KF23 -> 0 | KJ23: =KH23*KI23 -> 0 | KK23: =KE23-KH23 -> 0 | KL23: =KF23-KI23 -> 0 | KM23: =KG23-KJ23 -> 0 | KN23: =JM23+JV23+KE23 -> 0 | KO23: =IF(KP23,KP23/KN23,0) -> 0 | KP23: =JO23+JX23+KG23 -> 0 | KQ23: =JP23+JY23+KH23 -> 0 | KR23: =IF(KS23,KS23/KQ23,0) -> 0 | KS23: =JR23+KA23+KJ23 -> 0 | KT23: =KN23-KQ23 -> 0 | KU23: =KO23-KR23 -> 0 | KV23: =KP23-KS23 -> 0 | KW23: =GJ23+HT23+JD23+KN23 -> 0 | KX23: =IF(KY23,KY23/KW23,0) -> 0 | KY23: =GL23+HV23+JF23+KP23 -> 0 | KZ23: =GM23+HW23+JG23+KQ23 -> 0 | LA23: =IF(LB23,LB23/KZ23,0) -> 0 | LB23: =GO23+HY23+JI23+KS23 -> 0 | LC23: =KW23-KZ23 -> 0 | LD23: =KX23-LA23 -> 0 | LE23: =KY23-LB23 -> 0
E24: MTV | I24: =G24*H24 -> 0 | L24: =J24*K24 -> 0 | M24: =G24-J24 -> 0 | N24: =H24-K24 -> 0 | O24: =I24-L24 -> 0 | R24: =P24*Q24 -> 0 | U24: =S24*T24 -> 0 | V24: =P24-S24 -> 0 | W24: =Q24-T24 -> 0 | X24: =R24-U24 -> 0 | AA24: =Y24*Z24 -> 0 | AD24: =AB24*AC24 -> 0 | AE24: =Y24-AB24 -> 0 | AF24: =Z24-AC24 -> 0 | AG24: =AA24-AD24 -> 0 | AH24: =G24+P24+Y24 -> 0 | AI24: =IF(AJ24,AJ24/AH24,0) -> 0 | AJ24: =I24+R24+AA24 -> 0 | AK24: =J24+S24+AB24 -> 0 | AL24: =IF(AM24,AM24/AK24,0) -> 0 | AM24: =L24+U24+AD24 -> 0 | AN24: =AH24-AK24 -> 0 | AO24: =AI24-AL24 -> 0 | AP24: =AJ24-AM24 -> 0 | AS24: =AQ24*AR24 -> 0 | AV24: =AT24*AU24 -> 0 | AW24: =AQ24-AT24 -> 0 | AX24: =AR24-AU24 -> 0 | AY24: =AS24-AV24 -> 0 | BB24: =AZ24*BA24 -> 0 | BE24: =BC24*BD24 -> 0 | BF24: =AZ24-BC24 -> 0 | BG24: =BA24-BD24 -> 0 | BH24: =BB24-BE24 -> 0 | BK24: =BI24*BJ24 -> 0 | BN24: =BL24*BM24 -> 0 | BO24: =BI24-BL24 -> 0 | BP24: =BJ24-BM24 -> 0 | BQ24: =BK24-BN24 -> 0 | BR24: =AQ24+AZ24+BI24 -> 0 | BS24: =IF(BT24,BT24/BR24,0) -> 0 | BT24: =AS24+BB24+BK24 -> 0 | BU24: =AT24+BC24+BL24 -> 0 | BV24: =IF(BW24,BW24/BU24,0) -> 0 | BW24: =AV24+BE24+BN24 -> 0 | BX24: =BR24-BU24 -> 0 | BY24: =BS24-BV24 -> 0 | BZ24: =BT24-BW24 -> 0 | CC24: =CA24*CB24 -> 0 | CF24: =CD24*CE24 -> 0 | CG24: =CA24-CD24 -> 0 | CH24: =CB24-CE24 -> 0 | CI24: =CC24-CF24 -> 0 | CL24: =CJ24*CK24 -> 0 | CO24: =CM24*CN24 -> 0 | CP24: =CJ24-CM24 -> 0 | CQ24: =CK24-CN24 -> 0 | CR24: =CL24-CO24 -> 0 | CU24: =CS24*CT24 -> 0 | CX24: =CV24*CW24 -> 0 | CY24: =CS24-CV24 -> 0 | CZ24: =CT24-CW24 -> 0 | DA24: =CU24-CX24 -> 0 | DB24: =CA24+CJ24+CS24 -> 0 | DC24: =IF(DD24,DD24/DB24,0) -> 0 | DD24: =CC24+CL24+CU24 -> 0 | DE24: =CD24+CM24+CV24 -> 0 | DF24: =IF(DG24,DG24/DE24,0) -> 0 | DG24: =CF24+CO24+CX24 -> 0 | DH24: =DB24-DE24 -> 0 | DI24: =DC24-DF24 -> 0 | DJ24: =DD24-DG24 -> 0 | DM24: =DK24*DL24 -> 0 | DP24: =DN24*DO24 -> 0 | DQ24: =DK24-DN24 -> 0 | DR24: =DL24-DO24 -> 0 | DS24: =DM24-DP24 -> 0 | DV24: =DT24*DU24 -> 0 | DY24: =DW24*DX24 -> 0 | DZ24: =DT24-DW24 -> 0 | EA24: =DU24-DX24 -> 0 | EB24: =DV24-DY24 -> 0 | EE24: =EC24*ED24 -> 0 | EH24: =EF24*EG24 -> 0 | EI24: =EC24-EF24 -> 0 | EJ24: =ED24-EG24 -> 0 | EK24: =EE24-EH24 -> 0 | EL24: =DK24+DT24+EC24 -> 0 | EM24: =IF(EN24,EN24/EL24,0) -> 0 | EN24: =DM24+DV24+EE24 -> 0 | EO24: =DN24+DW24+EF24 -> 0 | EP24: =IF(EQ24,EQ24/EO24,0) -> 0 | EQ24: =DP24+DY24+EH24 -> 0 | ER24: =EL24-EO24 -> 0 | ES24: =EM24-EP24 -> 0 | ET24: =EN24-EQ24 -> 0 | EU24: =AH24+BR24+DB24+EL24 -> 0 | EV24: =IF(EW24,EW24/EU24,0) -> 0 | EW24: =AJ24+BT24+DD24+EN24 -> 0 | EX24: =AK24+BU24+DE24+EO24 -> 0 | EY24: =IF(EZ24,EZ24/EX24,0) -> 0 | EZ24: =AM24+BW24+DG24+EQ24 -> 0 | FA24: =EU24-EX24 -> 0 | FB24: =EV24-EY24 -> 0 | FC24: =EW24-EZ24 -> 0 | FK24: =FI24*FJ24 -> 0 | FN24: =FL24*FM24 -> 0 | FO24: =FI24-FL24 -> 0 | FP24: =FJ24-FM24 -> 0 | FQ24: =FK24-FN24 -> 0 | FT24: =FR24*FS24 -> 0 | FW24: =FU24*FV24 -> 0 | FX24: =FR24-FU24 -> 0 | FY24: =FS24-FV24 -> 0 | FZ24: =FT24-FW24 -> 0 | GC24: =GA24*GB24 -> 0 | GF24: =GD24*GE24 -> 0 | GG24: =GA24-GD24 -> 0 | GH24: =GB24-GE24 -> 0 | GI24: =GC24-GF24 -> 0 | GJ24: =FI24+FR24+GA24 -> 0 | GK24: =IF(GL24,GL24/GJ24,0) -> 0 | GL24: =FK24+FT24+GC24 -> 0 | GM24: =FL24+FU24+GD24 -> 0 | GN24: =IF(GO24,GO24/GM24,0) -> 0 | GO24: =FN24+FW24+GF24 -> 0 | GP24: =GJ24-GM24 -> 0 | GQ24: =GK24-GN24 -> 0 | GR24: =GL24-GO24 -> 0 | GU24: =GS24*GT24 -> 0 | GX24: =GV24*GW24 -> 0 | GY24: =GS24-GV24 -> 0 | GZ24: =GT24-GW24 -> 0 | HA24: =GU24-GX24 -> 0 | HD24: =HB24*HC24 -> 0 | HG24: =HE24*HF24 -> 0 | HH24: =HB24-HE24 -> 0 | HI24: =HC24-HF24 -> 0 | HJ24: =HD24-HG24 -> 0 | HM24: =HK24*HL24 -> 0 | HP24: =HN24*HO24 -> 0 | HQ24: =HK24-HN24 -> 0 | HR24: =HL24-HO24 -> 0 | HS24: =HM24-HP24 -> 0 | HT24: =GS24+HB24+HK24 -> 0 | HU24: =IF(HV24,HV24/HT24,0) -> 0 | HV24: =GU24+HD24+HM24 -> 0 | HW24: =GV24+HE24+HN24 -> 0 | HX24: =IF(HY24,HY24/HW24,0) -> 0 | HY24: =GX24+HG24+HP24 -> 0 | HZ24: =HT24-HW24 -> 0 | IA24: =HU24-HX24 -> 0 | IB24: =HV24-HY24 -> 0 | IE24: =IC24*ID24 -> 0 | IH24: =IF24*IG24 -> 0 | II24: =IC24-IF24 -> 0 | IJ24: =ID24-IG24 -> 0 | IK24: =IE24-IH24 -> 0 | IN24: =IL24*IM24 -> 0 | IQ24: =IO24*IP24 -> 0 | IR24: =IL24-IO24 -> 0 | IS24: =IM24-IP24 -> 0 | IT24: =IN24-IQ24 -> 0 | IW24: =IU24*IV24 -> 0 | IZ24: =IX24*IY24 -> 0 | JA24: =IU24-IX24 -> 0 | JB24: =IV24-IY24 -> 0 | JC24: =IW24-IZ24 -> 0 | JD24: =IC24+IL24+IU24 -> 0 | JE24: =IF(JF24,JF24/JD24,0) -> 0 | JF24: =IE24+IN24+IW24 -> 0 | JG24: =IF24+IO24+IX24 -> 0 | JH24: =IF(JI24,JI24/JG24,0) -> 0 | JI24: =IH24+IQ24+IZ24 -> 0 | JJ24: =JD24-JG24 -> 0 | JK24: =JE24-JH24 -> 0 | JL24: =JF24-JI24 -> 0 | JO24: =JM24*JN24 -> 0 | JR24: =JP24*JQ24 -> 0 | JS24: =JM24-JP24 -> 0 | JT24: =JN24-JQ24 -> 0 | JU24: =JO24-JR24 -> 0 | JX24: =JV24*JW24 -> 0 | KA24: =JY24*JZ24 -> 0 | KB24: =JV24-JY24 -> 0 | KC24: =JW24-JZ24 -> 0 | KD24: =JX24-KA24 -> 0 | KG24: =KE24*KF24 -> 0 | KJ24: =KH24*KI24 -> 0 | KK24: =KE24-KH24 -> 0 | KL24: =KF24-KI24 -> 0 | KM24: =KG24-KJ24 -> 0 | KN24: =JM24+JV24+KE24 -> 0 | KO24: =IF(KP24,KP24/KN24,0) -> 0 | KP24: =JO24+JX24+KG24 -> 0 | KQ24: =JP24+JY24+KH24 -> 0 | KR24: =IF(KS24,KS24/KQ24,0) -> 0 | KS24: =JR24+KA24+KJ24 -> 0 | KT24: =KN24-KQ24 -> 0 | KU24: =KO24-KR24 -> 0 | KV24: =KP24-KS24 -> 0 | KW24: =GJ24+HT24+JD24+KN24 -> 0 | KX24: =IF(KY24,KY24/KW24,0) -> 0 | KY24: =GL24+HV24+JF24+KP24 -> 0 | KZ24: =GM24+HW24+JG24+KQ24 -> 0 | LA24: =IF(LB24,LB24/KZ24,0) -> 0 | LB24: =GO24+HY24+JI24+KS24 -> 0 | LC24: =KW24-KZ24 -> 0 | LD24: =KX24-LA24 -> 0 | LE24: =KY24-LB24 -> 0
E25: MTV | I25: =G25*H25 -> 0 | L25: =J25*K25 -> 0 | M25: =G25-J25 -> 0 | N25: =H25-K25 -> 0 | O25: =I25-L25 -> 0 | R25: =P25*Q25 -> 0 | U25: =S25*T25 -> 0 | V25: =P25-S25 -> 0 | W25: =Q25-T25 -> 0 | X25: =R25-U25 -> 0 | AA25: =Y25*Z25 -> 0 | AD25: =AB25*AC25 -> 0 | AE25: =Y25-AB25 -> 0 | AF25: =Z25-AC25 -> 0 | AG25: =AA25-AD25 -> 0 | AH25: =G25+P25+Y25 -> 0 | AI25: =IF(AJ25,AJ25/AH25,0) -> 0 | AJ25: =I25+R25+AA25 -> 0 | AK25: =J25+S25+AB25 -> 0 | AL25: =IF(AM25,AM25/AK25,0) -> 0 | AM25: =L25+U25+AD25 -> 0 | AN25: =AH25-AK25 -> 0 | AO25: =AI25-AL25 -> 0 | AP25: =AJ25-AM25 -> 0 | AS25: =AQ25*AR25 -> 0 | AV25: =AT25*AU25 -> 0 | AW25: =AQ25-AT25 -> 0 | AX25: =AR25-AU25 -> 0 | AY25: =AS25-AV25 -> 0 | BB25: =AZ25*BA25 -> 0 | BE25: =BC25*BD25 -> 0 | BF25: =AZ25-BC25 -> 0 | BG25: =BA25-BD25 -> 0 | BH25: =BB25-BE25 -> 0 | BK25: =BI25*BJ25 -> 0 | BN25: =BL25*BM25 -> 0 | BO25: =BI25-BL25 -> 0 | BP25: =BJ25-BM25 -> 0 | BQ25: =BK25-BN25 -> 0 | BR25: =AQ25+AZ25+BI25 -> 0 | BS25: =IF(BT25,BT25/BR25,0) -> 0 | BT25: =AS25+BB25+BK25 -> 0 | BU25: =AT25+BC25+BL25 -> 0 | BV25: =IF(BW25,BW25/BU25,0) -> 0 | BW25: =AV25+BE25+BN25 -> 0 | BX25: =BR25-BU25 -> 0 | BY25: =BS25-BV25 -> 0 | BZ25: =BT25-BW25 -> 0 | CC25: =CA25*CB25 -> 0 | CF25: =CD25*CE25 -> 0 | CG25: =CA25-CD25 -> 0 | CH25: =CB25-CE25 -> 0 | CI25: =CC25-CF25 -> 0 | CL25: =CJ25*CK25 -> 0 | CO25: =CM25*CN25 -> 0 | CP25: =CJ25-CM25 -> 0 | CQ25: =CK25-CN25 -> 0 | CR25: =CL25-CO25 -> 0 | CU25: =CS25*CT25 -> 0 | CX25: =CV25*CW25 -> 0 | CY25: =CS25-CV25 -> 0 | CZ25: =CT25-CW25 -> 0 | DA25: =CU25-CX25 -> 0 | DB25: =CA25+CJ25+CS25 -> 0 | DC25: =IF(DD25,DD25/DB25,0) -> 0 | DD25: =CC25+CL25+CU25 -> 0 | DE25: =CD25+CM25+CV25 -> 0 | DF25: =IF(DG25,DG25/DE25,0) -> 0 | DG25: =CF25+CO25+CX25 -> 0 | DH25: =DB25-DE25 -> 0 | DI25: =DC25-DF25 -> 0 | DJ25: =DD25-DG25 -> 0 | DM25: =DK25*DL25 -> 0 | DP25: =DN25*DO25 -> 0 | DQ25: =DK25-DN25 -> 0 | DR25: =DL25-DO25 -> 0 | DS25: =DM25-DP25 -> 0 | DV25: =DT25*DU25 -> 0 | DY25: =DW25*DX25 -> 0 | DZ25: =DT25-DW25 -> 0 | EA25: =DU25-DX25 -> 0 | EB25: =DV25-DY25 -> 0 | EE25: =EC25*ED25 -> 0 | EH25: =EF25*EG25 -> 0 | EI25: =EC25-EF25 -> 0 | EJ25: =ED25-EG25 -> 0 | EK25: =EE25-EH25 -> 0 | EL25: =DK25+DT25+EC25 -> 0 | EM25: =IF(EN25,EN25/EL25,0) -> 0 | EN25: =DM25+DV25+EE25 -> 0 | EO25: =DN25+DW25+EF25 -> 0 | EP25: =IF(EQ25,EQ25/EO25,0) -> 0 | EQ25: =DP25+DY25+EH25 -> 0 | ER25: =EL25-EO25 -> 0 | ES25: =EM25-EP25 -> 0 | ET25: =EN25-EQ25 -> 0 | EU25: =AH25+BR25+DB25+EL25 -> 0 | EV25: =IF(EW25,EW25/EU25,0) -> 0 | EW25: =AJ25+BT25+DD25+EN25 -> 0 | EX25: =AK25+BU25+DE25+EO25 -> 0 | EY25: =IF(EZ25,EZ25/EX25,0) -> 0 | EZ25: =AM25+BW25+DG25+EQ25 -> 0 | FA25: =EU25-EX25 -> 0 | FB25: =EV25-EY25 -> 0 | FC25: =EW25-EZ25 -> 0 | FK25: =FI25*FJ25 -> 0 | FN25: =FL25*FM25 -> 0 | FO25: =FI25-FL25 -> 0 | FP25: =FJ25-FM25 -> 0 | FQ25: =FK25-FN25 -> 0 | FT25: =FR25*FS25 -> 0 | FW25: =FU25*FV25 -> 0 | FX25: =FR25-FU25 -> 0 | FY25: =FS25-FV25 -> 0 | FZ25: =FT25-FW25 -> 0 | GC25: =GA25*GB25 -> 0 | GF25: =GD25*GE25 -> 0 | GG25: =GA25-GD25 -> 0 | GH25: =GB25-GE25 -> 0 | GI25: =GC25-GF25 -> 0 | GJ25: =FI25+FR25+GA25 -> 0 | GK25: =IF(GL25,GL25/GJ25,0) -> 0 | GL25: =FK25+FT25+GC25 -> 0 | GM25: =FL25+FU25+GD25 -> 0 | GN25: =IF(GO25,GO25/GM25,0) -> 0 | GO25: =FN25+FW25+GF25 -> 0 | GP25: =GJ25-GM25 -> 0 | GQ25: =GK25-GN25 -> 0 | GR25: =GL25-GO25 -> 0 | GU25: =GS25*GT25 -> 0 | GX25: =GV25*GW25 -> 0 | GY25: =GS25-GV25 -> 0 | GZ25: =GT25-GW25 -> 0 | HA25: =GU25-GX25 -> 0 | HD25: =HB25*HC25 -> 0 | HG25: =HE25*HF25 -> 0 | HH25: =HB25-HE25 -> 0 | HI25: =HC25-HF25 -> 0 | HJ25: =HD25-HG25 -> 0 | HM25: =HK25*HL25 -> 0 | HP25: =HN25*HO25 -> 0 | HQ25: =HK25-HN25 -> 0 | HR25: =HL25-HO25 -> 0 | HS25: =HM25-HP25 -> 0 | HT25: =GS25+HB25+HK25 -> 0 | HU25: =IF(HV25,HV25/HT25,0) -> 0 | HV25: =GU25+HD25+HM25 -> 0 | HW25: =GV25+HE25+HN25 -> 0 | HX25: =IF(HY25,HY25/HW25,0) -> 0 | HY25: =GX25+HG25+HP25 -> 0 | HZ25: =HT25-HW25 -> 0 | IA25: =HU25-HX25 -> 0 | IB25: =HV25-HY25 -> 0 | IE25: =IC25*ID25 -> 0 | IH25: =IF25*IG25 -> 0 | II25: =IC25-IF25 -> 0 | IJ25: =ID25-IG25 -> 0 | IK25: =IE25-IH25 -> 0 | IN25: =IL25*IM25 -> 0 | IQ25: =IO25*IP25 -> 0 | IR25: =IL25-IO25 -> 0 | IS25: =IM25-IP25 -> 0 | IT25: =IN25-IQ25 -> 0 | IW25: =IU25*IV25 -> 0 | IZ25: =IX25*IY25 -> 0 | JA25: =IU25-IX25 -> 0 | JB25: =IV25-IY25 -> 0 | JC25: =IW25-IZ25 -> 0 | JD25: =IC25+IL25+IU25 -> 0 | JE25: =IF(JF25,JF25/JD25,0) -> 0 | JF25: =IE25+IN25+IW25 -> 0 | JG25: =IF25+IO25+IX25 -> 0 | JH25: =IF(JI25,JI25/JG25,0) -> 0 | JI25: =IH25+IQ25+IZ25 -> 0 | JJ25: =JD25-JG25 -> 0 | JK25: =JE25-JH25 -> 0 | JL25: =JF25-JI25 -> 0 | JO25: =JM25*JN25 -> 0 | JR25: =JP25*JQ25 -> 0 | JS25: =JM25-JP25 -> 0 | JT25: =JN25-JQ25 -> 0 | JU25: =JO25-JR25 -> 0 | JX25: =JV25*JW25 -> 0 | KA25: =JY25*JZ25 -> 0 | KB25: =JV25-JY25 -> 0 | KC25: =JW25-JZ25 -> 0 | KD25: =JX25-KA25 -> 0 | KG25: =KE25*KF25 -> 0 | KJ25: =KH25*KI25 -> 0 | KK25: =KE25-KH25 -> 0 | KL25: =KF25-KI25 -> 0 | KM25: =KG25-KJ25 -> 0 | KN25: =JM25+JV25+KE25 -> 0 | KO25: =IF(KP25,KP25/KN25,0) -> 0 | KP25: =JO25+JX25+KG25 -> 0 | KQ25: =JP25+JY25+KH25 -> 0 | KR25: =IF(KS25,KS25/KQ25,0) -> 0 | KS25: =JR25+KA25+KJ25 -> 0 | KT25: =KN25-KQ25 -> 0 | KU25: =KO25-KR25 -> 0 | KV25: =KP25-KS25 -> 0 | KW25: =GJ25+HT25+JD25+KN25 -> 0 | KX25: =IF(KY25,KY25/KW25,0) -> 0 | KY25: =GL25+HV25+JF25+KP25 -> 0 | KZ25: =GM25+HW25+JG25+KQ25 -> 0 | LA25: =IF(LB25,LB25/KZ25,0) -> 0 | LB25: =GO25+HY25+JI25+KS25 -> 0 | LC25: =KW25-KZ25 -> 0 | LD25: =KX25-LA25 -> 0 | LE25: =KY25-LB25 -> 0
E26: MTV | I26: =G26*H26 -> 0 | L26: =J26*K26 -> 0 | M26: =G26-J26 -> 0 | N26: =H26-K26 -> 0 | O26: =I26-L26 -> 0 | R26: =P26*Q26 -> 0 | U26: =S26*T26 -> 0 | V26: =P26-S26 -> 0 | W26: =Q26-T26 -> 0 | X26: =R26-U26 -> 0 | AA26: =Y26*Z26 -> 0 | AD26: =AB26*AC26 -> 0 | AE26: =Y26-AB26 -> 0 | AF26: =Z26-AC26 -> 0 | AG26: =AA26-AD26 -> 0 | AH26: =G26+P26+Y26 -> 0 | AI26: =IF(AJ26,AJ26/AH26,0) -> 0 | AJ26: =I26+R26+AA26 -> 0 | AK26: =J26+S26+AB26 -> 0 | AL26: =IF(AM26,AM26/AK26,0) -> 0 | AM26: =L26+U26+AD26 -> 0 | AN26: =AH26-AK26 -> 0 | AO26: =AI26-AL26 -> 0 | AP26: =AJ26-AM26 -> 0 | AS26: =AQ26*AR26 -> 0 | AV26: =AT26*AU26 -> 0 | AW26: =AQ26-AT26 -> 0 | AX26: =AR26-AU26 -> 0 | AY26: =AS26-AV26 -> 0 | BB26: =AZ26*BA26 -> 0 | BE26: =BC26*BD26 -> 0 | BF26: =AZ26-BC26 -> 0 | BG26: =BA26-BD26 -> 0 | BH26: =BB26-BE26 -> 0 | BK26: =BI26*BJ26 -> 0 | BN26: =BL26*BM26 -> 0 | BO26: =BI26-BL26 -> 0 | BP26: =BJ26-BM26 -> 0 | BQ26: =BK26-BN26 -> 0 | BR26: =AQ26+AZ26+BI26 -> 0 | BS26: =IF(BT26,BT26/BR26,0) -> 0 | BT26: =AS26+BB26+BK26 -> 0 | BU26: =AT26+BC26+BL26 -> 0 | BV26: =IF(BW26,BW26/BU26,0) -> 0 | BW26: =AV26+BE26+BN26 -> 0 | BX26: =BR26-BU26 -> 0 | BY26: =BS26-BV26 -> 0 | BZ26: =BT26-BW26 -> 0 | CC26: =CA26*CB26 -> 0 | CF26: =CD26*CE26 -> 0 | CG26: =CA26-CD26 -> 0 | CH26: =CB26-CE26 -> 0 | CI26: =CC26-CF26 -> 0 | CL26: =CJ26*CK26 -> 0 | CO26: =CM26*CN26 -> 0 | CP26: =CJ26-CM26 -> 0 | CQ26: =CK26-CN26 -> 0 | CR26: =CL26-CO26 -> 0 | CU26: =CS26*CT26 -> 0 | CX26: =CV26*CW26 -> 0 | CY26: =CS26-CV26 -> 0 | CZ26: =CT26-CW26 -> 0 | DA26: =CU26-CX26 -> 0 | DB26: =CA26+CJ26+CS26 -> 0 | DC26: =IF(DD26,DD26/DB26,0) -> 0 | DD26: =CC26+CL26+CU26 -> 0 | DE26: =CD26+CM26+CV26 -> 0 | DF26: =IF(DG26,DG26/DE26,0) -> 0 | DG26: =CF26+CO26+CX26 -> 0 | DH26: =DB26-DE26 -> 0 | DI26: =DC26-DF26 -> 0 | DJ26: =DD26-DG26 -> 0 | DM26: =DK26*DL26 -> 0 | DP26: =DN26*DO26 -> 0 | DQ26: =DK26-DN26 -> 0 | DR26: =DL26-DO26 -> 0 | DS26: =DM26-DP26 -> 0 | DV26: =DT26*DU26 -> 0 | DY26: =DW26*DX26 -> 0 | DZ26: =DT26-DW26 -> 0 | EA26: =DU26-DX26 -> 0 | EB26: =DV26-DY26 -> 0 | EE26: =EC26*ED26 -> 0 | EH26: =EF26*EG26 -> 0 | EI26: =EC26-EF26 -> 0 | EJ26: =ED26-EG26 -> 0 | EK26: =EE26-EH26 -> 0 | EL26: =DK26+DT26+EC26 -> 0 | EM26: =IF(EN26,EN26/EL26,0) -> 0 | EN26: =DM26+DV26+EE26 -> 0 | EO26: =DN26+DW26+EF26 -> 0 | EP26: =IF(EQ26,EQ26/EO26,0) -> 0 | EQ26: =DP26+DY26+EH26 -> 0 | ER26: =EL26-EO26 -> 0 | ES26: =EM26-EP26 -> 0 | ET26: =EN26-EQ26 -> 0 | EU26: =AH26+BR26+DB26+EL26 -> 0 | EV26: =IF(EW26,EW26/EU26,0) -> 0 | EW26: =AJ26+BT26+DD26+EN26 -> 0 | EX26: =AK26+BU26+DE26+EO26 -> 0 | EY26: =IF(EZ26,EZ26/EX26,0) -> 0 | EZ26: =AM26+BW26+DG26+EQ26 -> 0 | FA26: =EU26-EX26 -> 0 | FB26: =EV26-EY26 -> 0 | FC26: =EW26-EZ26 -> 0 | FK26: =FI26*FJ26 -> 0 | FN26: =FL26*FM26 -> 0 | FO26: =FI26-FL26 -> 0 | FP26: =FJ26-FM26 -> 0 | FQ26: =FK26-FN26 -> 0 | FT26: =FR26*FS26 -> 0 | FW26: =FU26*FV26 -> 0 | FX26: =FR26-FU26 -> 0 | FY26: =FS26-FV26 -> 0 | FZ26: =FT26-FW26 -> 0 | GC26: =GA26*GB26 -> 0 | GF26: =GD26*GE26 -> 0 | GG26: =GA26-GD26 -> 0 | GH26: =GB26-GE26 -> 0 | GI26: =GC26-GF26 -> 0 | GJ26: =FI26+FR26+GA26 -> 0 | GK26: =IF(GL26,GL26/GJ26,0) -> 0 | GL26: =FK26+FT26+GC26 -> 0 | GM26: =FL26+FU26+GD26 -> 0 | GN26: =IF(GO26,GO26/GM26,0) -> 0 | GO26: =FN26+FW26+GF26 -> 0 | GP26: =GJ26-GM26 -> 0 | GQ26: =GK26-GN26 -> 0 | GR26: =GL26-GO26 -> 0 | GU26: =GS26*GT26 -> 0 | GX26: =GV26*GW26 -> 0 | GY26: =GS26-GV26 -> 0 | GZ26: =GT26-GW26 -> 0 | HA26: =GU26-GX26 -> 0 | HD26: =HB26*HC26 -> 0 | HG26: =HE26*HF26 -> 0 | HH26: =HB26-HE26 -> 0 | HI26: =HC26-HF26 -> 0 | HJ26: =HD26-HG26 -> 0 | HM26: =HK26*HL26 -> 0 | HP26: =HN26*HO26 -> 0 | HQ26: =HK26-HN26 -> 0 | HR26: =HL26-HO26 -> 0 | HS26: =HM26-HP26 -> 0 | HT26: =GS26+HB26+HK26 -> 0 | HU26: =IF(HV26,HV26/HT26,0) -> 0 | HV26: =GU26+HD26+HM26 -> 0 | HW26: =GV26+HE26+HN26 -> 0 | HX26: =IF(HY26,HY26/HW26,0) -> 0 | HY26: =GX26+HG26+HP26 -> 0 | HZ26: =HT26-HW26 -> 0 | IA26: =HU26-HX26 -> 0 | IB26: =HV26-HY26 -> 0 | IE26: =IC26*ID26 -> 0 | IH26: =IF26*IG26 -> 0 | II26: =IC26-IF26 -> 0 | IJ26: =ID26-IG26 -> 0 | IK26: =IE26-IH26 -> 0 | IN26: =IL26*IM26 -> 0 | IQ26: =IO26*IP26 -> 0 | IR26: =IL26-IO26 -> 0 | IS26: =IM26-IP26 -> 0 | IT26: =IN26-IQ26 -> 0 | IW26: =IU26*IV26 -> 0 | IZ26: =IX26*IY26 -> 0 | JA26: =IU26-IX26 -> 0 | JB26: =IV26-IY26 -> 0 | JC26: =IW26-IZ26 -> 0 | JD26: =IC26+IL26+IU26 -> 0 | JE26: =IF(JF26,JF26/JD26,0) -> 0 | JF26: =IE26+IN26+IW26 -> 0 | JG26: =IF26+IO26+IX26 -> 0 | JH26: =IF(JI26,JI26/JG26,0) -> 0 | JI26: =IH26+IQ26+IZ26 -> 0 | JJ26: =JD26-JG26 -> 0 | JK26: =JE26-JH26 -> 0 | JL26: =JF26-JI26 -> 0 | JO26: =JM26*JN26 -> 0 | JR26: =JP26*JQ26 -> 0 | JS26: =JM26-JP26 -> 0 | JT26: =JN26-JQ26 -> 0 | JU26: =JO26-JR26 -> 0 | JX26: =JV26*JW26 -> 0 | KA26: =JY26*JZ26 -> 0 | KB26: =JV26-JY26 -> 0 | KC26: =JW26-JZ26 -> 0 | KD26: =JX26-KA26 -> 0 | KG26: =KE26*KF26 -> 0 | KJ26: =KH26*KI26 -> 0 | KK26: =KE26-KH26 -> 0 | KL26: =KF26-KI26 -> 0 | KM26: =KG26-KJ26 -> 0 | KN26: =JM26+JV26+KE26 -> 0 | KO26: =IF(KP26,KP26/KN26,0) -> 0 | KP26: =JO26+JX26+KG26 -> 0 | KQ26: =JP26+JY26+KH26 -> 0 | KR26: =IF(KS26,KS26/KQ26,0) -> 0 | KS26: =JR26+KA26+KJ26 -> 0 | KT26: =KN26-KQ26 -> 0 | KU26: =KO26-KR26 -> 0 | KV26: =KP26-KS26 -> 0 | KW26: =GJ26+HT26+JD26+KN26 -> 0 | KX26: =IF(KY26,KY26/KW26,0) -> 0 | KY26: =GL26+HV26+JF26+KP26 -> 0 | KZ26: =GM26+HW26+JG26+KQ26 -> 0 | LA26: =IF(LB26,LB26/KZ26,0) -> 0 | LB26: =GO26+HY26+JI26+KS26 -> 0 | LC26: =KW26-KZ26 -> 0 | LD26: =KX26-LA26 -> 0 | LE26: =KY26-LB26 -> 0
E27: MTV | I27: =G27*H27 -> 0 | L27: =J27*K27 -> 0 | M27: =G27-J27 -> 0 | N27: =H27-K27 -> 0 | O27: =I27-L27 -> 0 | R27: =P27*Q27 -> 0 | U27: =S27*T27 -> 0 | V27: =P27-S27 -> 0 | W27: =Q27-T27 -> 0 | X27: =R27-U27 -> 0 | AA27: =Y27*Z27 -> 0 | AD27: =AB27*AC27 -> 0 | AE27: =Y27-AB27 -> 0 | AF27: =Z27-AC27 -> 0 | AG27: =AA27-AD27 -> 0 | AH27: =G27+P27+Y27 -> 0 | AI27: =IF(AJ27,AJ27/AH27,0) -> 0 | AJ27: =I27+R27+AA27 -> 0 | AK27: =J27+S27+AB27 -> 0 | AL27: =IF(AM27,AM27/AK27,0) -> 0 | AM27: =L27+U27+AD27 -> 0 | AN27: =AH27-AK27 -> 0 | AO27: =AI27-AL27 -> 0 | AP27: =AJ27-AM27 -> 0 | AS27: =AQ27*AR27 -> 0 | AV27: =AT27*AU27 -> 0 | AW27: =AQ27-AT27 -> 0 | AX27: =AR27-AU27 -> 0 | AY27: =AS27-AV27 -> 0 | BB27: =AZ27*BA27 -> 0 | BE27: =BC27*BD27 -> 0 | BF27: =AZ27-BC27 -> 0 | BG27: =BA27-BD27 -> 0 | BH27: =BB27-BE27 -> 0 | BK27: =BI27*BJ27 -> 0 | BN27: =BL27*BM27 -> 0 | BO27: =BI27-BL27 -> 0 | BP27: =BJ27-BM27 -> 0 | BQ27: =BK27-BN27 -> 0 | BR27: =AQ27+AZ27+BI27 -> 0 | BS27: =IF(BT27,BT27/BR27,0) -> 0 | BT27: =AS27+BB27+BK27 -> 0 | BU27: =AT27+BC27+BL27 -> 0 | BV27: =IF(BW27,BW27/BU27,0) -> 0 | BW27: =AV27+BE27+BN27 -> 0 | BX27: =BR27-BU27 -> 0 | BY27: =BS27-BV27 -> 0 | BZ27: =BT27-BW27 -> 0 | CC27: =CA27*CB27 -> 0 | CF27: =CD27*CE27 -> 0 | CG27: =CA27-CD27 -> 0 | CH27: =CB27-CE27 -> 0 | CI27: =CC27-CF27 -> 0 | CL27: =CJ27*CK27 -> 0 | CO27: =CM27*CN27 -> 0 | CP27: =CJ27-CM27 -> 0 | CQ27: =CK27-CN27 -> 0 | CR27: =CL27-CO27 -> 0 | CU27: =CS27*CT27 -> 0 | CX27: =CV27*CW27 -> 0 | CY27: =CS27-CV27 -> 0 | CZ27: =CT27-CW27 -> 0 | DA27: =CU27-CX27 -> 0 | DB27: =CA27+CJ27+CS27 -> 0 | DC27: =IF(DD27,DD27/DB27,0) -> 0 | DD27: =CC27+CL27+CU27 -> 0 | DE27: =CD27+CM27+CV27 -> 0 | DF27: =IF(DG27,DG27/DE27,0) -> 0 | DG27: =CF27+CO27+CX27 -> 0 | DH27: =DB27-DE27 -> 0 | DI27: =DC27-DF27 -> 0 | DJ27: =DD27-DG27 -> 0 | DM27: =DK27*DL27 -> 0 | DP27: =DN27*DO27 -> 0 | DQ27: =DK27-DN27 -> 0 | DR27: =DL27-DO27 -> 0 | DS27: =DM27-DP27 -> 0 | DV27: =DT27*DU27 -> 0 | DY27: =DW27*DX27 -> 0 | DZ27: =DT27-DW27 -> 0 | EA27: =DU27-DX27 -> 0 | EB27: =DV27-DY27 -> 0 | EE27: =EC27*ED27 -> 0 | EH27: =EF27*EG27 -> 0 | EI27: =EC27-EF27 -> 0 | EJ27: =ED27-EG27 -> 0 | EK27: =EE27-EH27 -> 0 | EL27: =DK27+DT27+EC27 -> 0 | EM27: =IF(EN27,EN27/EL27,0) -> 0 | EN27: =DM27+DV27+EE27 -> 0 | EO27: =DN27+DW27+EF27 -> 0 | EP27: =IF(EQ27,EQ27/EO27,0) -> 0 | EQ27: =DP27+DY27+EH27 -> 0 | ER27: =EL27-EO27 -> 0 | ES27: =EM27-EP27 -> 0 | ET27: =EN27-EQ27 -> 0 | EU27: =AH27+BR27+DB27+EL27 -> 0 | EV27: =IF(EW27,EW27/EU27,0) -> 0 | EW27: =AJ27+BT27+DD27+EN27 -> 0 | EX27: =AK27+BU27+DE27+EO27 -> 0 | EY27: =IF(EZ27,EZ27/EX27,0) -> 0 | EZ27: =AM27+BW27+DG27+EQ27 -> 0 | FA27: =EU27-EX27 -> 0 | FB27: =EV27-EY27 -> 0 | FC27: =EW27-EZ27 -> 0 | FK27: =FI27*FJ27 -> 0 | FN27: =FL27*FM27 -> 0 | FO27: =FI27-FL27 -> 0 | FP27: =FJ27-FM27 -> 0 | FQ27: =FK27-FN27 -> 0 | FT27: =FR27*FS27 -> 0 | FW27: =FU27*FV27 -> 0 | FX27: =FR27-FU27 -> 0 | FY27: =FS27-FV27 -> 0 | FZ27: =FT27-FW27 -> 0 | GC27: =GA27*GB27 -> 0 | GF27: =GD27*GE27 -> 0 | GG27: =GA27-GD27 -> 0 | GH27: =GB27-GE27 -> 0 | GI27: =GC27-GF27 -> 0 | GJ27: =FI27+FR27+GA27 -> 0 | GK27: =IF(GL27,GL27/GJ27,0) -> 0 | GL27: =FK27+FT27+GC27 -> 0 | GM27: =FL27+FU27+GD27 -> 0 | GN27: =IF(GO27,GO27/GM27,0) -> 0 | GO27: =FN27+FW27+GF27 -> 0 | GP27: =GJ27-GM27 -> 0 | GQ27: =GK27-GN27 -> 0 | GR27: =GL27-GO27 -> 0 | GU27: =GS27*GT27 -> 0 | GX27: =GV27*GW27 -> 0 | GY27: =GS27-GV27 -> 0 | GZ27: =GT27-GW27 -> 0 | HA27: =GU27-GX27 -> 0 | HD27: =HB27*HC27 -> 0 | HG27: =HE27*HF27 -> 0 | HH27: =HB27-HE27 -> 0 | HI27: =HC27-HF27 -> 0 | HJ27: =HD27-HG27 -> 0 | HM27: =HK27*HL27 -> 0 | HP27: =HN27*HO27 -> 0 | HQ27: =HK27-HN27 -> 0 | HR27: =HL27-HO27 -> 0 | HS27: =HM27-HP27 -> 0 | HT27: =GS27+HB27+HK27 -> 0 | HU27: =IF(HV27,HV27/HT27,0) -> 0 | HV27: =GU27+HD27+HM27 -> 0 | HW27: =GV27+HE27+HN27 -> 0 | HX27: =IF(HY27,HY27/HW27,0) -> 0 | HY27: =GX27+HG27+HP27 -> 0 | HZ27: =HT27-HW27 -> 0 | IA27: =HU27-HX27 -> 0 | IB27: =HV27-HY27 -> 0 | IE27: =IC27*ID27 -> 0 | IH27: =IF27*IG27 -> 0 | II27: =IC27-IF27 -> 0 | IJ27: =ID27-IG27 -> 0 | IK27: =IE27-IH27 -> 0 | IN27: =IL27*IM27 -> 0 | IQ27: =IO27*IP27 -> 0 | IR27: =IL27-IO27 -> 0 | IS27: =IM27-IP27 -> 0 | IT27: =IN27-IQ27 -> 0 | IW27: =IU27*IV27 -> 0 | IZ27: =IX27*IY27 -> 0 | JA27: =IU27-IX27 -> 0 | JB27: =IV27-IY27 -> 0 | JC27: =IW27-IZ27 -> 0 | JD27: =IC27+IL27+IU27 -> 0 | JE27: =IF(JF27,JF27/JD27,0) -> 0 | JF27: =IE27+IN27+IW27 -> 0 | JG27: =IF27+IO27+IX27 -> 0 | JH27: =IF(JI27,JI27/JG27,0) -> 0 | JI27: =IH27+IQ27+IZ27 -> 0 | JJ27: =JD27-JG27 -> 0 | JK27: =JE27-JH27 -> 0 | JL27: =JF27-JI27 -> 0 | JO27: =JM27*JN27 -> 0 | JR27: =JP27*JQ27 -> 0 | JS27: =JM27-JP27 -> 0 | JT27: =JN27-JQ27 -> 0 | JU27: =JO27-JR27 -> 0 | JX27: =JV27*JW27 -> 0 | KA27: =JY27*JZ27 -> 0 | KB27: =JV27-JY27 -> 0 | KC27: =JW27-JZ27 -> 0 | KD27: =JX27-KA27 -> 0 | KG27: =KE27*KF27 -> 0 | KJ27: =KH27*KI27 -> 0 | KK27: =KE27-KH27 -> 0 | KL27: =KF27-KI27 -> 0 | KM27: =KG27-KJ27 -> 0 | KN27: =JM27+JV27+KE27 -> 0 | KO27: =IF(KP27,KP27/KN27,0) -> 0 | KP27: =JO27+JX27+KG27 -> 0 | KQ27: =JP27+JY27+KH27 -> 0 | KR27: =IF(KS27,KS27/KQ27,0) -> 0 | KS27: =JR27+KA27+KJ27 -> 0 | KT27: =KN27-KQ27 -> 0 | KU27: =KO27-KR27 -> 0 | KV27: =KP27-KS27 -> 0 | KW27: =GJ27+HT27+JD27+KN27 -> 0 | KX27: =IF(KY27,KY27/KW27,0) -> 0 | KY27: =GL27+HV27+JF27+KP27 -> 0 | KZ27: =GM27+HW27+JG27+KQ27 -> 0 | LA27: =IF(LB27,LB27/KZ27,0) -> 0 | LB27: =GO27+HY27+JI27+KS27 -> 0 | LC27: =KW27-KZ27 -> 0 | LD27: =KX27-LA27 -> 0 | LE27: =KY27-LB27 -> 0
B28: MTV819AQR Total | G28: =SUBTOTAL(9,G21:G27) -> 0 | I28: =SUBTOTAL(9,I21:I27) -> 0 | J28: =SUBTOTAL(9,J21:J27) -> 0 | L28: =SUBTOTAL(9,L21:L27) -> 0 | M28: =SUBTOTAL(9,M21:M27) -> 0 | O28: =SUBTOTAL(9,O21:O27) -> 0 | P28: =SUBTOTAL(9,P21:P27) -> 0 | R28: =SUBTOTAL(9,R21:R27) -> 0 | S28: =SUBTOTAL(9,S21:S27) -> 0 | U28: =SUBTOTAL(9,U21:U27) -> 0 | V28: =SUBTOTAL(9,V21:V27) -> 0 | X28: =SUBTOTAL(9,X21:X27) -> 0 | Y28: =SUBTOTAL(9,Y21:Y27) -> 0 | AA28: =SUBTOTAL(9,AA21:AA27) -> 0 | AB28: =SUBTOTAL(9,AB21:AB27) -> 0 | AD28: =SUBTOTAL(9,AD21:AD27) -> 0 | AE28: =SUBTOTAL(9,AE21:AE27) -> 0 | AG28: =SUBTOTAL(9,AG21:AG27) -> 0 | AH28: =SUBTOTAL(9,AH21:AH27) -> 0 | AI28: =IF(AJ28,AJ28/AH28,"") | AJ28: =SUBTOTAL(9,AJ21:AJ27) -> 0 | AK28: =SUBTOTAL(9,AK21:AK27) -> 0 | AL28: =IF(AM28,AM28/AK28,"") | AM28: =SUBTOTAL(9,AM21:AM27) -> 0 | AN28: =SUBTOTAL(9,AN21:AN27) -> 0 | AP28: =SUBTOTAL(9,AP21:AP27) -> 0 | AQ28: =SUBTOTAL(9,AQ21:AQ27) -> 0 | AS28: =SUBTOTAL(9,AS21:AS27) -> 0 | AT28: =SUBTOTAL(9,AT21:AT27) -> 0 | AV28: =SUBTOTAL(9,AV21:AV27) -> 0 | AW28: =SUBTOTAL(9,AW21:AW27) -> 0 | AY28: =SUBTOTAL(9,AY21:AY27) -> 0 | AZ28: =SUBTOTAL(9,AZ21:AZ27) -> 0 | BB28: =SUBTOTAL(9,BB21:BB27) -> 0 | BC28: =SUBTOTAL(9,BC21:BC27) -> 0 | BE28: =SUBTOTAL(9,BE21:BE27) -> 0 | BF28: =SUBTOTAL(9,BF21:BF27) -> 0 | BH28: =SUBTOTAL(9,BH21:BH27) -> 0 | BI28: =SUBTOTAL(9,BI21:BI27) -> 0 | BK28: =SUBTOTAL(9,BK21:BK27) -> 0 | BL28: =SUBTOTAL(9,BL21:BL27) -> 0 | BN28: =SUBTOTAL(9,BN21:BN27) -> 0 | BO28: =SUBTOTAL(9,BO21:BO27) -> 0 | BQ28: =SUBTOTAL(9,BQ21:BQ27) -> 0 | BR28: =SUBTOTAL(9,BR21:BR27) -> 0 | BS28: =IF(BT28,BT28/BR28,"") | BT28: =SUBTOTAL(9,BT21:BT27) -> 0 | BU28: =SUBTOTAL(9,BU21:BU27) -> 0 | BV28: =IF(BW28,BW28/BU28,"") | BW28: =SUBTOTAL(9,BW21:BW27) -> 0 | BX28: =SUBTOTAL(9,BX21:BX27) -> 0 | BZ28: =SUBTOTAL(9,BZ21:BZ27) -> 0 | CA28: =SUBTOTAL(9,CA21:CA27) -> 0 | CC28: =SUBTOTAL(9,CC21:CC27) -> 0 | CD28: =SUBTOTAL(9,CD21:CD27) -> 0 | CF28: =SUBTOTAL(9,CF21:CF27) -> 0 | CG28: =SUBTOTAL(9,CG21:CG27) -> 0 | CI28: =SUBTOTAL(9,CI21:CI27) -> 0 | CJ28: =SUBTOTAL(9,CJ21:CJ27) -> 0 | CL28: =SUBTOTAL(9,CL21:CL27) -> 0 | CM28: =SUBTOTAL(9,CM21:CM27) -> 0 | CO28: =SUBTOTAL(9,CO21:CO27) -> 0 | CP28: =SUBTOTAL(9,CP21:CP27) -> 0 | CR28: =SUBTOTAL(9,CR21:CR27) -> 0 | CS28: =SUBTOTAL(9,CS21:CS27) -> 0 | CU28: =SUBTOTAL(9,CU21:CU27) -> 0 | CV28: =SUBTOTAL(9,CV21:CV27) -> 0 | CX28: =SUBTOTAL(9,CX21:CX27) -> 0 | CY28: =SUBTOTAL(9,CY21:CY27) -> 0 | DA28: =SUBTOTAL(9,DA21:DA27) -> 0 | DB28: =SUBTOTAL(9,DB21:DB27) -> 0 | DC28: =IF(DD28,DD28/DB28,"") | DD28: =SUBTOTAL(9,DD21:DD27) -> 0 | DE28: =SUBTOTAL(9,DE21:DE27) -> 0 | DF28: =IF(DG28,DG28/DE28,"") | DG28: =SUBTOTAL(9,DG21:DG27) -> 0 | DH28: =SUBTOTAL(9,DH21:DH27) -> 0 | DJ28: =SUBTOTAL(9,DJ21:DJ27) -> 0 | DK28: =SUBTOTAL(9,DK21:DK27) -> 0 | DM28: =SUBTOTAL(9,DM21:DM27) -> 0 | DN28: =SUBTOTAL(9,DN21:DN27) -> 0 | DP28: =SUBTOTAL(9,DP21:DP27) -> 0 | DQ28: =SUBTOTAL(9,DQ21:DQ27) -> 0 | DS28: =SUBTOTAL(9,DS21:DS27) -> 0 | DT28: =SUBTOTAL(9,DT21:DT27) -> 0 | DV28: =SUBTOTAL(9,DV21:DV27) -> 0 | DW28: =SUBTOTAL(9,DW21:DW27) -> 0 | DY28: =SUBTOTAL(9,DY21:DY27) -> 0 | DZ28: =SUBTOTAL(9,DZ21:DZ27) -> 0 | EB28: =SUBTOTAL(9,EB21:EB27) -> 0 | EC28: =SUBTOTAL(9,EC21:EC27) -> 0 | EE28: =SUBTOTAL(9,EE21:EE27) -> 0 | EF28: =SUBTOTAL(9,EF21:EF27) -> 0 | EH28: =SUBTOTAL(9,EH21:EH27) -> 0 | EI28: =SUBTOTAL(9,EI21:EI27) -> 0 | EK28: =SUBTOTAL(9,EK21:EK27) -> 0 | EL28: =SUBTOTAL(9,EL21:EL27) -> 0 | EM28: =IF(EN28,EN28/EL28,"") | EN28: =SUBTOTAL(9,EN21:EN27) -> 0 | EO28: =SUBTOTAL(9,EO21:EO27) -> 0 | EP28: =IF(EQ28,EQ28/EO28,"") | EQ28: =SUBTOTAL(9,EQ21:EQ27) -> 0 | ER28: =SUBTOTAL(9,ER21:ER27) -> 0 | ET28: =SUBTOTAL(9,ET21:ET27) -> 0 | EU28: =SUBTOTAL(9,EU21:EU27) -> 0 | EV28: =IF(EW28,EW28/EU28,"") | EW28: =SUBTOTAL(9,EW21:EW27) -> 0 | EX28: =SUBTOTAL(9,EX21:EX27) -> 0 | EY28: =IF(EZ28,EZ28/EX28,"") | EZ28: =SUBTOTAL(9,EZ21:EZ27) -> 0 | FA28: =SUBTOTAL(9,FA21:FA27) -> 0 | FC28: =SUBTOTAL(9,FC21:FC27) -> 0 | FE28: MTV819AQR Total | FI28: =SUBTOTAL(9,FI21:FI27) -> 0 | FK28: =SUBTOTAL(9,FK21:FK27) -> 0 | FL28: =SUBTOTAL(9,FL21:FL27) -> 0 | FN28: =SUBTOTAL(9,FN21:FN27) -> 0 | FO28: =SUBTOTAL(9,FO21:FO27) -> 0 | FQ28: =SUBTOTAL(9,FQ21:FQ27) -> 0 | FR28: =SUBTOTAL(9,FR21:FR27) -> 0 | FT28: =SUBTOTAL(9,FT21:FT27) -> 0 | FU28: =SUBTOTAL(9,FU21:FU27) -> 0 | FW28: =SUBTOTAL(9,FW21:FW27) -> 0 | FX28: =SUBTOTAL(9,FX21:FX27) -> 0 | FZ28: =SUBTOTAL(9,FZ21:FZ27) -> 0 | GA28: =SUBTOTAL(9,GA21:GA27) -> 0 | GC28: =SUBTOTAL(9,GC21:GC27) -> 0 | GD28: =SUBTOTAL(9,GD21:GD27) -> 0 | GF28: =SUBTOTAL(9,GF21:GF27) -> 0 | GG28: =SUBTOTAL(9,GG21:GG27) -> 0 | GI28: =SUBTOTAL(9,GI21:GI27) -> 0 | GJ28: =SUBTOTAL(9,GJ21:GJ27) -> 0 | GK28: =IF(GL28,GL28/GJ28,"") | GL28: =SUBTOTAL(9,GL21:GL27) -> 0 | GM28: =SUBTOTAL(9,GM21:GM27) -> 0 | GN28: =IF(GO28,GO28/GM28,"") | GO28: =SUBTOTAL(9,GO21:GO27) -> 0 | GP28: =SUBTOTAL(9,GP21:GP27) -> 0 | GR28: =SUBTOTAL(9,GR21:GR27) -> 0 | GS28: =SUBTOTAL(9,GS21:GS27) -> 0 | GU28: =SUBTOTAL(9,GU21:GU27) -> 0 | GV28: =SUBTOTAL(9,GV21:GV27) -> 0 | GX28: =SUBTOTAL(9,GX21:GX27) -> 0 | GY28: =SUBTOTAL(9,GY21:GY27) -> 0 | HA28: =SUBTOTAL(9,HA21:HA27) -> 0 | HB28: =SUBTOTAL(9,HB21:HB27) -> 0 | HD28: =SUBTOTAL(9,HD21:HD27) -> 0 | HE28: =SUBTOTAL(9,HE21:HE27) -> 0 | HG28: =SUBTOTAL(9,HG21:HG27) -> 0 | HH28: =SUBTOTAL(9,HH21:HH27) -> 0 | HJ28: =SUBTOTAL(9,HJ21:HJ27) -> 0 | HK28: =SUBTOTAL(9,HK21:HK27) -> 0 | HM28: =SUBTOTAL(9,HM21:HM27) -> 0 | HN28: =SUBTOTAL(9,HN21:HN27) -> 0 | HP28: =SUBTOTAL(9,HP21:HP27) -> 0 | HQ28: =SUBTOTAL(9,HQ21:HQ27) -> 0 | HS28: =SUBTOTAL(9,HS21:HS27) -> 0 | HT28: =SUBTOTAL(9,HT21:HT27) -> 0 | HU28: =IF(HV28,HV28/HT28,"") | HV28: =SUBTOTAL(9,HV21:HV27) -> 0 | HW28: =SUBTOTAL(9,HW21:HW27) -> 0 | HX28: =IF(HY28,HY28/HW28,"") | HY28: =SUBTOTAL(9,HY21:HY27) -> 0 | HZ28: =SUBTOTAL(9,HZ21:HZ27) -> 0 | IB28: =SUBTOTAL(9,IB21:IB27) -> 0 | IC28: =SUBTOTAL(9,IC21:IC27) -> 0 | IE28: =SUBTOTAL(9,IE21:IE27) -> 0 | IF28: =SUBTOTAL(9,IF21:IF27) -> 0 | IH28: =SUBTOTAL(9,IH21:IH27) -> 0 | II28: =SUBTOTAL(9,II21:II27) -> 0 | IK28: =SUBTOTAL(9,IK21:IK27) -> 0 | IL28: =SUBTOTAL(9,IL21:IL27) -> 0 | IN28: =SUBTOTAL(9,IN21:IN27) -> 0 | IO28: =SUBTOTAL(9,IO21:IO27) -> 0 | IQ28: =SUBTOTAL(9,IQ21:IQ27) -> 0 | IR28: =SUBTOTAL(9,IR21:IR27) -> 0 | IT28: =SUBTOTAL(9,IT21:IT27) -> 0 | IU28: =SUBTOTAL(9,IU21:IU27) -> 0 | IW28: =SUBTOTAL(9,IW21:IW27) -> 0 | IX28: =SUBTOTAL(9,IX21:IX27) -> 0 | IZ28: =SUBTOTAL(9,IZ21:IZ27) -> 0 | JA28: =SUBTOTAL(9,JA21:JA27) -> 0 | JC28: =SUBTOTAL(9,JC21:JC27) -> 0 | JD28: =SUBTOTAL(9,JD21:JD27) -> 0 | JE28: =IF(JF28,JF28/JD28,"") | JF28: =SUBTOTAL(9,JF21:JF27) -> 0 | JG28: =SUBTOTAL(9,JG21:JG27) -> 0 | JH28: =IF(JI28,JI28/JG28,"") | JI28: =SUBTOTAL(9,JI21:JI27) -> 0 | JJ28: =SUBTOTAL(9,JJ21:JJ27) -> 0 | JL28: =SUBTOTAL(9,JL21:JL27) -> 0 | JM28: =SUBTOTAL(9,JM21:JM27) -> 0 | JO28: =SUBTOTAL(9,JO21:JO27) -> 0 | JP28: =SUBTOTAL(9,JP21:JP27) -> 0 | JR28: =SUBTOTAL(9,JR21:JR27) -> 0 | JS28: =SUBTOTAL(9,JS21:JS27) -> 0 | JU28: =SUBTOTAL(9,JU21:JU27) -> 0 | JV28: =SUBTOTAL(9,JV21:JV27) -> 0 | JX28: =SUBTOTAL(9,JX21:JX27) -> 0 | JY28: =SUBTOTAL(9,JY21:JY27) -> 0 | KA28: =SUBTOTAL(9,KA21:KA27) -> 0 | KB28: =SUBTOTAL(9,KB21:KB27) -> 0 | KD28: =SUBTOTAL(9,KD21:KD27) -> 0 | KE28: =SUBTOTAL(9,KE21:KE27) -> 0 | KG28: =SUBTOTAL(9,KG21:KG27) -> 0 | KH28: =SUBTOTAL(9,KH21:KH27) -> 0 | KJ28: =SUBTOTAL(9,KJ21:KJ27) -> 0 | KK28: =SUBTOTAL(9,KK21:KK27) -> 0 | KM28: =SUBTOTAL(9,KM21:KM27) -> 0 | KN28: =SUBTOTAL(9,KN21:KN27) -> 0 | KO28: =IF(KP28,KP28/KN28,"") | KP28: =SUBTOTAL(9,KP21:KP27) -> 0 | KQ28: =SUBTOTAL(9,KQ21:KQ27) -> 0 | KR28: =IF(KS28,KS28/KQ28,"") | KS28: =SUBTOTAL(9,KS21:KS27) -> 0 | KT28: =SUBTOTAL(9,KT21:KT27) -> 0 | KV28: =SUBTOTAL(9,KV21:KV27) -> 0 | KW28: =SUBTOTAL(9,KW21:KW27) -> 0 | KX28: =IF(KY28,KY28/KW28,"") | KY28: =SUBTOTAL(9,KY21:KY27) -> 0 | KZ28: =SUBTOTAL(9,KZ21:KZ27) -> 0 | LA28: =IF(LB28,LB28/KZ28,"") | LB28: =SUBTOTAL(9,LB21:LB27) -> 0 | LC28: =SUBTOTAL(9,LC21:LC27) -> 0 | LE28: =SUBTOTAL(9,LE21:LE27) -> 0
B29: MTV301AQR | C29: GLOVANE | E29: MTV | F29: K | I29: =G29*H29 -> 0 | L29: =J29*K29 -> 0 | M29: =G29-J29 -> 0 | N29: =H29-K29 -> 0 | O29: =I29-L29 -> 0 | R29: =P29*Q29 -> 0 | U29: =S29*T29 -> 0 | V29: =P29-S29 -> 0 | W29: =Q29-T29 -> 0 | X29: =R29-U29 -> 0 | AA29: =Y29*Z29 -> 0 | AD29: =AB29*AC29 -> 0 | AE29: =Y29-AB29 -> 0 | AF29: =Z29-AC29 -> 0 | AG29: =AA29-AD29 -> 0 | AH29: =G29+P29+Y29 -> 0 | AI29: =IF(AJ29,AJ29/AH29,0) -> 0 | AJ29: =I29+R29+AA29 -> 0 | AK29: =J29+S29+AB29 -> 0 | AL29: =IF(AM29,AM29/AK29,0) -> 0 | AM29: =L29+U29+AD29 -> 0 | AN29: =AH29-AK29 -> 0 | AO29: =AI29-AL29 -> 0 | AP29: =AJ29-AM29 -> 0 | AS29: =AQ29*AR29 -> 0 | AV29: =AT29*AU29 -> 0 | AW29: =AQ29-AT29 -> 0 | AX29: =AR29-AU29 -> 0 | AY29: =AS29-AV29 -> 0 | BB29: =AZ29*BA29 -> 0 | BE29: =BC29*BD29 -> 0 | BF29: =AZ29-BC29 -> 0 | BG29: =BA29-BD29 -> 0 | BH29: =BB29-BE29 -> 0 | BK29: =BI29*BJ29 -> 0 | BN29: =BL29*BM29 -> 0 | BO29: =BI29-BL29 -> 0 | BP29: =BJ29-BM29 -> 0 | BQ29: =BK29-BN29 -> 0 | BR29: =AQ29+AZ29+BI29 -> 0 | BS29: =IF(BT29,BT29/BR29,0) -> 0 | BT29: =AS29+BB29+BK29 -> 0 | BU29: =AT29+BC29+BL29 -> 0 | BV29: =IF(BW29,BW29/BU29,0) -> 0 | BW29: =AV29+BE29+BN29 -> 0 | BX29: =BR29-BU29 -> 0 | BY29: =BS29-BV29 -> 0 | BZ29: =BT29-BW29 -> 0 | CC29: =CA29*CB29 -> 0 | CF29: =CD29*CE29 -> 0 | CG29: =CA29-CD29 -> 0 | CH29: =CB29-CE29 -> 0 | CI29: =CC29-CF29 -> 0 | CL29: =CJ29*CK29 -> 0 | CO29: =CM29*CN29 -> 0 | CP29: =CJ29-CM29 -> 0 | CQ29: =CK29-CN29 -> 0 | CR29: =CL29-CO29 -> 0 | CU29: =CS29*CT29 -> 0 | CX29: =CV29*CW29 -> 0 | CY29: =CS29-CV29 -> 0 | CZ29: =CT29-CW29 -> 0 | DA29: =CU29-CX29 -> 0 | DB29: =CA29+CJ29+CS29 -> 0 | DC29: =IF(DD29,DD29/DB29,0) -> 0 | DD29: =CC29+CL29+CU29 -> 0 | DE29: =CD29+CM29+CV29 -> 0 | DF29: =IF(DG29,DG29/DE29,0) -> 0 | DG29: =CF29+CO29+CX29 -> 0 | DH29: =DB29-DE29 -> 0 | DI29: =DC29-DF29 -> 0 | DJ29: =DD29-DG29 -> 0 | DM29: =DK29*DL29 -> 0 | DP29: =DN29*DO29 -> 0 | DQ29: =DK29-DN29 -> 0 | DR29: =DL29-DO29 -> 0 | DS29: =DM29-DP29 -> 0 | DV29: =DT29*DU29 -> 0 | DY29: =DW29*DX29 -> 0 | DZ29: =DT29-DW29 -> 0 | EA29: =DU29-DX29 -> 0 | EB29: =DV29-DY29 -> 0 | EE29: =EC29*ED29 -> 0 | EH29: =EF29*EG29 -> 0 | EI29: =EC29-EF29 -> 0 | EJ29: =ED29-EG29 -> 0 | EK29: =EE29-EH29 -> 0 | EL29: =DK29+DT29+EC29 -> 0 | EM29: =IF(EN29,EN29/EL29,0) -> 0 | EN29: =DM29+DV29+EE29 -> 0 | EO29: =DN29+DW29+EF29 -> 0 | EP29: =IF(EQ29,EQ29/EO29,0) -> 0 | EQ29: =DP29+DY29+EH29 -> 0 | ER29: =EL29-EO29 -> 0 | ES29: =EM29-EP29 -> 0 | ET29: =EN29-EQ29 -> 0 | EU29: =AH29+BR29+DB29+EL29 -> 0 | EV29: =IF(EW29,EW29/EU29,0) -> 0 | EW29: =AJ29+BT29+DD29+EN29 -> 0 | EX29: =AK29+BU29+DE29+EO29 -> 0 | EY29: =IF(EZ29,EZ29/EX29,0) -> 0 | EZ29: =AM29+BW29+DG29+EQ29 -> 0 | FA29: =EU29-EX29 -> 0 | FB29: =EV29-EY29 -> 0 | FC29: =EW29-EZ29 -> 0 | FE29: MTV301AQR | FF29: GLOVANE | FG29: MTV | FH29: K | FK29: =FI29*FJ29 -> 0 | FN29: =FL29*FM29 -> 0 | FO29: =FI29-FL29 -> 0 | FP29: =FJ29-FM29 -> 0 | FQ29: =FK29-FN29 -> 0 | FT29: =FR29*FS29 -> 0 | FW29: =FU29*FV29 -> 0 | FX29: =FR29-FU29 -> 0 | FY29: =FS29-FV29 -> 0 | FZ29: =FT29-FW29 -> 0 | GC29: =GA29*GB29 -> 0 | GF29: =GD29*GE29 -> 0 | GG29: =GA29-GD29 -> 0 | GH29: =GB29-GE29 -> 0 | GI29: =GC29-GF29 -> 0 | GJ29: =FI29+FR29+GA29 -> 0 | GK29: =IF(GL29,GL29/GJ29,0) -> 0 | GL29: =FK29+FT29+GC29 -> 0 | GM29: =FL29+FU29+GD29 -> 0 | GN29: =IF(GO29,GO29/GM29,0) -> 0 | GO29: =FN29+FW29+GF29 -> 0 | GP29: =GJ29-GM29 -> 0 | GQ29: =GK29-GN29 -> 0 | GR29: =GL29-GO29 -> 0 | GU29: =GS29*GT29 -> 0 | GX29: =GV29*GW29 -> 0 | GY29: =GS29-GV29 -> 0 | GZ29: =GT29-GW29 -> 0 | HA29: =GU29-GX29 -> 0 | HD29: =HB29*HC29 -> 0 | HG29: =HE29*HF29 -> 0 | HH29: =HB29-HE29 -> 0 | HI29: =HC29-HF29 -> 0 | HJ29: =HD29-HG29 -> 0 | HM29: =HK29*HL29 -> 0 | HP29: =HN29*HO29 -> 0 | HQ29: =HK29-HN29 -> 0 | HR29: =HL29-HO29 -> 0 | HS29: =HM29-HP29 -> 0 | HT29: =GS29+HB29+HK29 -> 0 | HU29: =IF(HV29,HV29/HT29,0) -> 0 | HV29: =GU29+HD29+HM29 -> 0 | HW29: =GV29+HE29+HN29 -> 0 | HX29: =IF(HY29,HY29/HW29,0) -> 0 | HY29: =GX29+HG29+HP29 -> 0 | HZ29: =HT29-HW29 -> 0 | IA29: =HU29-HX29 -> 0 | IB29: =HV29-HY29 -> 0 | IE29: =IC29*ID29 -> 0 | IH29: =IF29*IG29 -> 0 | II29: =IC29-IF29 -> 0 | IJ29: =ID29-IG29 -> 0 | IK29: =IE29-IH29 -> 0 | IN29: =IL29*IM29 -> 0 | IQ29: =IO29*IP29 -> 0 | IR29: =IL29-IO29 -> 0 | IS29: =IM29-IP29 -> 0 | IT29: =IN29-IQ29 -> 0 | IW29: =IU29*IV29 -> 0 | IZ29: =IX29*IY29 -> 0 | JA29: =IU29-IX29 -> 0 | JB29: =IV29-IY29 -> 0 | JC29: =IW29-IZ29 -> 0 | JD29: =IC29+IL29+IU29 -> 0 | JE29: =IF(JF29,JF29/JD29,0) -> 0 | JF29: =IE29+IN29+IW29 -> 0 | JG29: =IF29+IO29+IX29 -> 0 | JH29: =IF(JI29,JI29/JG29,0) -> 0 | JI29: =IH29+IQ29+IZ29 -> 0 | JJ29: =JD29-JG29 -> 0 | JK29: =JE29-JH29 -> 0 | JL29: =JF29-JI29 -> 0 | JO29: =JM29*JN29 -> 0 | JR29: =JP29*JQ29 -> 0 | JS29: =JM29-JP29 -> 0 | JT29: =JN29-JQ29 -> 0 | JU29: =JO29-JR29 -> 0 | JX29: =JV29*JW29 -> 0 | KA29: =JY29*JZ29 -> 0 | KB29: =JV29-JY29 -> 0 | KC29: =JW29-JZ29 -> 0 | KD29: =JX29-KA29 -> 0 | KG29: =KE29*KF29 -> 0 | KJ29: =KH29*KI29 -> 0 | KK29: =KE29-KH29 -> 0 | KL29: =KF29-KI29 -> 0 | KM29: =KG29-KJ29 -> 0 | KN29: =JM29+JV29+KE29 -> 0 | KO29: =IF(KP29,KP29/KN29,0) -> 0 | KP29: =JO29+JX29+KG29 -> 0 | KQ29: =JP29+JY29+KH29 -> 0 | KR29: =IF(KS29,KS29/KQ29,0) -> 0 | KS29: =JR29+KA29+KJ29 -> 0 | KT29: =KN29-KQ29 -> 0 | KU29: =KO29-KR29 -> 0 | KV29: =KP29-KS29 -> 0 | KW29: =GJ29+HT29+JD29+KN29 -> 0 | KX29: =IF(KY29,KY29/KW29,0) -> 0 | KY29: =GL29+HV29+JF29+KP29 -> 0 | KZ29: =GM29+HW29+JG29+KQ29 -> 0 | LA29: =IF(LB29,LB29/KZ29,0) -> 0 | LB29: =GO29+HY29+JI29+KS29 -> 0 | LC29: =KW29-KZ29 -> 0 | LD29: =KX29-LA29 -> 0 | LE29: =KY29-LB29 -> 0
B30: MTV301AQR | C30: GARION | E30: MTV | F30: K | I30: =G30*H30 -> 0 | L30: =J30*K30 -> 0 | M30: =G30-J30 -> 0 | N30: =H30-K30 -> 0 | O30: =I30-L30 -> 0 | R30: =P30*Q30 -> 0 | U30: =S30*T30 -> 0 | V30: =P30-S30 -> 0 | W30: =Q30-T30 -> 0 | X30: =R30-U30 -> 0 | AA30: =Y30*Z30 -> 0 | AD30: =AB30*AC30 -> 0 | AE30: =Y30-AB30 -> 0 | AF30: =Z30-AC30 -> 0 | AG30: =AA30-AD30 -> 0 | AH30: =G30+P30+Y30 -> 0 | AI30: =IF(AJ30,AJ30/AH30,0) -> 0 | AJ30: =I30+R30+AA30 -> 0 | AK30: =J30+S30+AB30 -> 0 | AL30: =IF(AM30,AM30/AK30,0) -> 0 | AM30: =L30+U30+AD30 -> 0 | AN30: =AH30-AK30 -> 0 | AO30: =AI30-AL30 -> 0 | AP30: =AJ30-AM30 -> 0 | AS30: =AQ30*AR30 -> 0 | AV30: =AT30*AU30 -> 0 | AW30: =AQ30-AT30 -> 0 | AX30: =AR30-AU30 -> 0 | AY30: =AS30-AV30 -> 0 | BB30: =AZ30*BA30 -> 0 | BE30: =BC30*BD30 -> 0 | BF30: =AZ30-BC30 -> 0 | BG30: =BA30-BD30 -> 0 | BH30: =BB30-BE30 -> 0 | BK30: =BI30*BJ30 -> 0 | BN30: =BL30*BM30 -> 0 | BO30: =BI30-BL30 -> 0 | BP30: =BJ30-BM30 -> 0 | BQ30: =BK30-BN30 -> 0 | BR30: =AQ30+AZ30+BI30 -> 0 | BS30: =IF(BT30,BT30/BR30,0) -> 0 | BT30: =AS30+BB30+BK30 -> 0 | BU30: =AT30+BC30+BL30 -> 0 | BV30: =IF(BW30,BW30/BU30,0) -> 0 | BW30: =AV30+BE30+BN30 -> 0 | BX30: =BR30-BU30 -> 0 | BY30: =BS30-BV30 -> 0 | BZ30: =BT30-BW30 -> 0 | CC30: =CA30*CB30 -> 0 | CF30: =CD30*CE30 -> 0 | CG30: =CA30-CD30 -> 0 | CH30: =CB30-CE30 -> 0 | CI30: =CC30-CF30 -> 0 | CL30: =CJ30*CK30 -> 0 | CO30: =CM30*CN30 -> 0 | CP30: =CJ30-CM30 -> 0 | CQ30: =CK30-CN30 -> 0 | CR30: =CL30-CO30 -> 0 | CU30: =CS30*CT30 -> 0 | CX30: =CV30*CW30 -> 0 | CY30: =CS30-CV30 -> 0 | CZ30: =CT30-CW30 -> 0 | DA30: =CU30-CX30 -> 0 | DB30: =CA30+CJ30+CS30 -> 0 | DC30: =IF(DD30,DD30/DB30,0) -> 0 | DD30: =CC30+CL30+CU30 -> 0 | DE30: =CD30+CM30+CV30 -> 0 | DF30: =IF(DG30,DG30/DE30,0) -> 0 | DG30: =CF30+CO30+CX30 -> 0 | DH30: =DB30-DE30 -> 0 | DI30: =DC30-DF30 -> 0 | DJ30: =DD30-DG30 -> 0 | DM30: =DK30*DL30 -> 0 | DP30: =DN30*DO30 -> 0 | DQ30: =DK30-DN30 -> 0 | DR30: =DL30-DO30 -> 0 | DS30: =DM30-DP30 -> 0 | DV30: =DT30*DU30 -> 0 | DY30: =DW30*DX30 -> 0 | DZ30: =DT30-DW30 -> 0 | EA30: =DU30-DX30 -> 0 | EB30: =DV30-DY30 -> 0 | EE30: =EC30*ED30 -> 0 | EH30: =EF30*EG30 -> 0 | EI30: =EC30-EF30 -> 0 | EJ30: =ED30-EG30 -> 0 | EK30: =EE30-EH30 -> 0 | EL30: =DK30+DT30+EC30 -> 0 | EM30: =IF(EN30,EN30/EL30,0) -> 0 | EN30: =DM30+DV30+EE30 -> 0 | EO30: =DN30+DW30+EF30 -> 0 | EP30: =IF(EQ30,EQ30/EO30,0) -> 0 | EQ30: =DP30+DY30+EH30 -> 0 | ER30: =EL30-EO30 -> 0 | ES30: =EM30-EP30 -> 0 | ET30: =EN30-EQ30 -> 0 | EU30: =AH30+BR30+DB30+EL30 -> 0 | EV30: =IF(EW30,EW30/EU30,0) -> 0 | EW30: =AJ30+BT30+DD30+EN30 -> 0 | EX30: =AK30+BU30+DE30+EO30 -> 0 | EY30: =IF(EZ30,EZ30/EX30,0) -> 0 | EZ30: =AM30+BW30+DG30+EQ30 -> 0 | FA30: =EU30-EX30 -> 0 | FB30: =EV30-EY30 -> 0 | FC30: =EW30-EZ30 -> 0 | FE30: MTV301AQR | FF30: GARION | FG30: MTV | FH30: K | FK30: =FI30*FJ30 -> 0 | FN30: =FL30*FM30 -> 0 | FO30: =FI30-FL30 -> 0 | FP30: =FJ30-FM30 -> 0 | FQ30: =FK30-FN30 -> 0 | FT30: =FR30*FS30 -> 0 | FW30: =FU30*FV30 -> 0 | FX30: =FR30-FU30 -> 0 | FY30: =FS30-FV30 -> 0 | FZ30: =FT30-FW30 -> 0 | GC30: =GA30*GB30 -> 0 | GF30: =GD30*GE30 -> 0 | GG30: =GA30-GD30 -> 0 | GH30: =GB30-GE30 -> 0 | GI30: =GC30-GF30 -> 0 | GJ30: =FI30+FR30+GA30 -> 0 | GK30: =IF(GL30,GL30/GJ30,0) -> 0 | GL30: =FK30+FT30+GC30 -> 0 | GM30: =FL30+FU30+GD30 -> 0 | GN30: =IF(GO30,GO30/GM30,0) -> 0 | GO30: =FN30+FW30+GF30 -> 0 | GP30: =GJ30-GM30 -> 0 | GQ30: =GK30-GN30 -> 0 | GR30: =GL30-GO30 -> 0 | GU30: =GS30*GT30 -> 0 | GX30: =GV30*GW30 -> 0 | GY30: =GS30-GV30 -> 0 | GZ30: =GT30-GW30 -> 0 | HA30: =GU30-GX30 -> 0 | HD30: =HB30*HC30 -> 0 | HG30: =HE30*HF30 -> 0 | HH30: =HB30-HE30 -> 0 | HI30: =HC30-HF30 -> 0 | HJ30: =HD30-HG30 -> 0 | HM30: =HK30*HL30 -> 0 | HP30: =HN30*HO30 -> 0 | HQ30: =HK30-HN30 -> 0 | HR30: =HL30-HO30 -> 0 | HS30: =HM30-HP30 -> 0 | HT30: =GS30+HB30+HK30 -> 0 | HU30: =IF(HV30,HV30/HT30,0) -> 0 | HV30: =GU30+HD30+HM30 -> 0 | HW30: =GV30+HE30+HN30 -> 0 | HX30: =IF(HY30,HY30/HW30,0) -> 0 | HY30: =GX30+HG30+HP30 -> 0 | HZ30: =HT30-HW30 -> 0 | IA30: =HU30-HX30 -> 0 | IB30: =HV30-HY30 -> 0 | IE30: =IC30*ID30 -> 0 | IH30: =IF30*IG30 -> 0 | II30: =IC30-IF30 -> 0 | IJ30: =ID30-IG30 -> 0 | IK30: =IE30-IH30 -> 0 | IN30: =IL30*IM30 -> 0 | IQ30: =IO30*IP30 -> 0 | IR30: =IL30-IO30 -> 0 | IS30: =IM30-IP30 -> 0 | IT30: =IN30-IQ30 -> 0 | IW30: =IU30*IV30 -> 0 | IZ30: =IX30*IY30 -> 0 | JA30: =IU30-IX30 -> 0 | JB30: =IV30-IY30 -> 0 | JC30: =IW30-IZ30 -> 0 | JD30: =IC30+IL30+IU30 -> 0 | JE30: =IF(JF30,JF30/JD30,0) -> 0 | JF30: =IE30+IN30+IW30 -> 0 | JG30: =IF30+IO30+IX30 -> 0 | JH30: =IF(JI30,JI30/JG30,0) -> 0 | JI30: =IH30+IQ30+IZ30 -> 0 | JJ30: =JD30-JG30 -> 0 | JK30: =JE30-JH30 -> 0 | JL30: =JF30-JI30 -> 0 | JO30: =JM30*JN30 -> 0 | JR30: =JP30*JQ30 -> 0 | JS30: =JM30-JP30 -> 0 | JT30: =JN30-JQ30 -> 0 | JU30: =JO30-JR30 -> 0 | JX30: =JV30*JW30 -> 0 | KA30: =JY30*JZ30 -> 0 | KB30: =JV30-JY30 -> 0 | KC30: =JW30-JZ30 -> 0 | KD30: =JX30-KA30 -> 0 | KG30: =KE30*KF30 -> 0 | KJ30: =KH30*KI30 -> 0 | KK30: =KE30-KH30 -> 0 | KL30: =KF30-KI30 -> 0 | KM30: =KG30-KJ30 -> 0 | KN30: =JM30+JV30+KE30 -> 0 | KO30: =IF(KP30,KP30/KN30,0) -> 0 | KP30: =JO30+JX30+KG30 -> 0 | KQ30: =JP30+JY30+KH30 -> 0 | KR30: =IF(KS30,KS30/KQ30,0) -> 0 | KS30: =JR30+KA30+KJ30 -> 0 | KT30: =KN30-KQ30 -> 0 | KU30: =KO30-KR30 -> 0 | KV30: =KP30-KS30 -> 0 | KW30: =GJ30+HT30+JD30+KN30 -> 0 | KX30: =IF(KY30,KY30/KW30,0) -> 0 | KY30: =GL30+HV30+JF30+KP30 -> 0 | KZ30: =GM30+HW30+JG30+KQ30 -> 0 | LA30: =IF(LB30,LB30/KZ30,0) -> 0 | LB30: =GO30+HY30+JI30+KS30 -> 0 | LC30: =KW30-KZ30 -> 0 | LD30: =KX30-LA30 -> 0 | LE30: =KY30-LB30 -> 0
E31: MTV | I31: =G31*H31 -> 0 | L31: =J31*K31 -> 0 | M31: =G31-J31 -> 0 | N31: =H31-K31 -> 0 | O31: =I31-L31 -> 0 | R31: =P31*Q31 -> 0 | U31: =S31*T31 -> 0 | V31: =P31-S31 -> 0 | W31: =Q31-T31 -> 0 | X31: =R31-U31 -> 0 | AA31: =Y31*Z31 -> 0 | AD31: =AB31*AC31 -> 0 | AE31: =Y31-AB31 -> 0 | AF31: =Z31-AC31 -> 0 | AG31: =AA31-AD31 -> 0 | AH31: =G31+P31+Y31 -> 0 | AI31: =IF(AJ31,AJ31/AH31,0) -> 0 | AJ31: =I31+R31+AA31 -> 0 | AK31: =J31+S31+AB31 -> 0 | AL31: =IF(AM31,AM31/AK31,0) -> 0 | AM31: =L31+U31+AD31 -> 0 | AN31: =AH31-AK31 -> 0 | AO31: =AI31-AL31 -> 0 | AP31: =AJ31-AM31 -> 0 | AS31: =AQ31*AR31 -> 0 | AV31: =AT31*AU31 -> 0 | AW31: =AQ31-AT31 -> 0 | AX31: =AR31-AU31 -> 0 | AY31: =AS31-AV31 -> 0 | BB31: =AZ31*BA31 -> 0 | BE31: =BC31*BD31 -> 0 | BF31: =AZ31-BC31 -> 0 | BG31: =BA31-BD31 -> 0 | BH31: =BB31-BE31 -> 0 | BK31: =BI31*BJ31 -> 0 | BN31: =BL31*BM31 -> 0 | BO31: =BI31-BL31 -> 0 | BP31: =BJ31-BM31 -> 0 | BQ31: =BK31-BN31 -> 0 | BR31: =AQ31+AZ31+BI31 -> 0 | BS31: =IF(BT31,BT31/BR31,0) -> 0 | BT31: =AS31+BB31+BK31 -> 0 | BU31: =AT31+BC31+BL31 -> 0 | BV31: =IF(BW31,BW31/BU31,0) -> 0 | BW31: =AV31+BE31+BN31 -> 0 | BX31: =BR31-BU31 -> 0 | BY31: =BS31-BV31 -> 0 | BZ31: =BT31-BW31 -> 0 | CC31: =CA31*CB31 -> 0 | CF31: =CD31*CE31 -> 0 | CG31: =CA31-CD31 -> 0 | CH31: =CB31-CE31 -> 0 | CI31: =CC31-CF31 -> 0 | CL31: =CJ31*CK31 -> 0 | CO31: =CM31*CN31 -> 0 | CP31: =CJ31-CM31 -> 0 | CQ31: =CK31-CN31 -> 0 | CR31: =CL31-CO31 -> 0 | CU31: =CS31*CT31 -> 0 | CX31: =CV31*CW31 -> 0 | CY31: =CS31-CV31 -> 0 | CZ31: =CT31-CW31 -> 0 | DA31: =CU31-CX31 -> 0 | DB31: =CA31+CJ31+CS31 -> 0 | DC31: =IF(DD31,DD31/DB31,0) -> 0 | DD31: =CC31+CL31+CU31 -> 0 | DE31: =CD31+CM31+CV31 -> 0 | DF31: =IF(DG31,DG31/DE31,0) -> 0 | DG31: =CF31+CO31+CX31 -> 0 | DH31: =DB31-DE31 -> 0 | DI31: =DC31-DF31 -> 0 | DJ31: =DD31-DG31 -> 0 | DM31: =DK31*DL31 -> 0 | DP31: =DN31*DO31 -> 0 | DQ31: =DK31-DN31 -> 0 | DR31: =DL31-DO31 -> 0 | DS31: =DM31-DP31 -> 0 | DV31: =DT31*DU31 -> 0 | DY31: =DW31*DX31 -> 0 | DZ31: =DT31-DW31 -> 0 | EA31: =DU31-DX31 -> 0 | EB31: =DV31-DY31 -> 0 | EE31: =EC31*ED31 -> 0 | EH31: =EF31*EG31 -> 0 | EI31: =EC31-EF31 -> 0 | EJ31: =ED31-EG31 -> 0 | EK31: =EE31-EH31 -> 0 | EL31: =DK31+DT31+EC31 -> 0 | EM31: =IF(EN31,EN31/EL31,0) -> 0 | EN31: =DM31+DV31+EE31 -> 0 | EO31: =DN31+DW31+EF31 -> 0 | EP31: =IF(EQ31,EQ31/EO31,0) -> 0 | EQ31: =DP31+DY31+EH31 -> 0 | ER31: =EL31-EO31 -> 0 | ES31: =EM31-EP31 -> 0 | ET31: =EN31-EQ31 -> 0 | EU31: =AH31+BR31+DB31+EL31 -> 0 | EV31: =IF(EW31,EW31/EU31,0) -> 0 | EW31: =AJ31+BT31+DD31+EN31 -> 0 | EX31: =AK31+BU31+DE31+EO31 -> 0 | EY31: =IF(EZ31,EZ31/EX31,0) -> 0 | EZ31: =AM31+BW31+DG31+EQ31 -> 0 | FA31: =EU31-EX31 -> 0 | FB31: =EV31-EY31 -> 0 | FC31: =EW31-EZ31 -> 0 | FK31: =FI31*FJ31 -> 0 | FN31: =FL31*FM31 -> 0 | FO31: =FI31-FL31 -> 0 | FP31: =FJ31-FM31 -> 0 | FQ31: =FK31-FN31 -> 0 | FT31: =FR31*FS31 -> 0 | FW31: =FU31*FV31 -> 0 | FX31: =FR31-FU31 -> 0 | FY31: =FS31-FV31 -> 0 | FZ31: =FT31-FW31 -> 0 | GC31: =GA31*GB31 -> 0 | GF31: =GD31*GE31 -> 0 | GG31: =GA31-GD31 -> 0 | GH31: =GB31-GE31 -> 0 | GI31: =GC31-GF31 -> 0 | GJ31: =FI31+FR31+GA31 -> 0 | GK31: =IF(GL31,GL31/GJ31,0) -> 0 | GL31: =FK31+FT31+GC31 -> 0 | GM31: =FL31+FU31+GD31 -> 0 | GN31: =IF(GO31,GO31/GM31,0) -> 0 | GO31: =FN31+FW31+GF31 -> 0 | GP31: =GJ31-GM31 -> 0 | GQ31: =GK31-GN31 -> 0 | GR31: =GL31-GO31 -> 0 | GU31: =GS31*GT31 -> 0 | GX31: =GV31*GW31 -> 0 | GY31: =GS31-GV31 -> 0 | GZ31: =GT31-GW31 -> 0 | HA31: =GU31-GX31 -> 0 | HD31: =HB31*HC31 -> 0 | HG31: =HE31*HF31 -> 0 | HH31: =HB31-HE31 -> 0 | HI31: =HC31-HF31 -> 0 | HJ31: =HD31-HG31 -> 0 | HM31: =HK31*HL31 -> 0 | HP31: =HN31*HO31 -> 0 | HQ31: =HK31-HN31 -> 0 | HR31: =HL31-HO31 -> 0 | HS31: =HM31-HP31 -> 0 | HT31: =GS31+HB31+HK31 -> 0 | HU31: =IF(HV31,HV31/HT31,0) -> 0 | HV31: =GU31+HD31+HM31 -> 0 | HW31: =GV31+HE31+HN31 -> 0 | HX31: =IF(HY31,HY31/HW31,0) -> 0 | HY31: =GX31+HG31+HP31 -> 0 | HZ31: =HT31-HW31 -> 0 | IA31: =HU31-HX31 -> 0 | IB31: =HV31-HY31 -> 0 | IE31: =IC31*ID31 -> 0 | IH31: =IF31*IG31 -> 0 | II31: =IC31-IF31 -> 0 | IJ31: =ID31-IG31 -> 0 | IK31: =IE31-IH31 -> 0 | IN31: =IL31*IM31 -> 0 | IQ31: =IO31*IP31 -> 0 | IR31: =IL31-IO31 -> 0 | IS31: =IM31-IP31 -> 0 | IT31: =IN31-IQ31 -> 0 | IW31: =IU31*IV31 -> 0 | IZ31: =IX31*IY31 -> 0 | JA31: =IU31-IX31 -> 0 | JB31: =IV31-IY31 -> 0 | JC31: =IW31-IZ31 -> 0 | JD31: =IC31+IL31+IU31 -> 0 | JE31: =IF(JF31,JF31/JD31,0) -> 0 | JF31: =IE31+IN31+IW31 -> 0 | JG31: =IF31+IO31+IX31 -> 0 | JH31: =IF(JI31,JI31/JG31,0) -> 0 | JI31: =IH31+IQ31+IZ31 -> 0 | JJ31: =JD31-JG31 -> 0 | JK31: =JE31-JH31 -> 0 | JL31: =JF31-JI31 -> 0 | JO31: =JM31*JN31 -> 0 | JR31: =JP31*JQ31 -> 0 | JS31: =JM31-JP31 -> 0 | JT31: =JN31-JQ31 -> 0 | JU31: =JO31-JR31 -> 0 | JX31: =JV31*JW31 -> 0 | KA31: =JY31*JZ31 -> 0 | KB31: =JV31-JY31 -> 0 | KC31: =JW31-JZ31 -> 0 | KD31: =JX31-KA31 -> 0 | KG31: =KE31*KF31 -> 0 | KJ31: =KH31*KI31 -> 0 | KK31: =KE31-KH31 -> 0 | KL31: =KF31-KI31 -> 0 | KM31: =KG31-KJ31 -> 0 | KN31: =JM31+JV31+KE31 -> 0 | KO31: =IF(KP31,KP31/KN31,0) -> 0 | KP31: =JO31+JX31+KG31 -> 0 | KQ31: =JP31+JY31+KH31 -> 0 | KR31: =IF(KS31,KS31/KQ31,0) -> 0 | KS31: =JR31+KA31+KJ31 -> 0 | KT31: =KN31-KQ31 -> 0 | KU31: =KO31-KR31 -> 0 | KV31: =KP31-KS31 -> 0 | KW31: =GJ31+HT31+JD31+KN31 -> 0 | KX31: =IF(KY31,KY31/KW31,0) -> 0 | KY31: =GL31+HV31+JF31+KP31 -> 0 | KZ31: =GM31+HW31+JG31+KQ31 -> 0 | LA31: =IF(LB31,LB31/KZ31,0) -> 0 | LB31: =GO31+HY31+JI31+KS31 -> 0 | LC31: =KW31-KZ31 -> 0 | LD31: =KX31-LA31 -> 0 | LE31: =KY31-LB31 -> 0
